-- phpMyAdmin SQL Dump
-- version 4.7.4
-- https://www.phpmyadmin.net/
--
-- Host: 127.0.0.1
-- Generation Time: Dec 11, 2017 at 08:14 AM
-- Server version: 10.1.28-MariaDB
-- PHP Version: 7.1.10

SET SQL_MODE = "NO_AUTO_VALUE_ON_ZERO";
SET AUTOCOMMIT = 0;
START TRANSACTION;
SET time_zone = "+00:00";


/*!40101 SET @OLD_CHARACTER_SET_CLIENT=@@CHARACTER_SET_CLIENT */;
/*!40101 SET @OLD_CHARACTER_SET_RESULTS=@@CHARACTER_SET_RESULTS */;
/*!40101 SET @OLD_COLLATION_CONNECTION=@@COLLATION_CONNECTION */;
/*!40101 SET NAMES utf8mb4 */;

--
-- Database: `niovostore`
--

-- --------------------------------------------------------

--
-- Stand-in structure for view `account`
-- (See below for the actual view)
--
CREATE TABLE `account` (
`id` int(10) unsigned
,`customer_id` int(11)
,`customer_name` text
,`pending_balance` int(11)
,`total` double(20,3)
,`totalpaid` double(20,3)
,`balance` double(20,3)
,`recordeddate` datetime
,`recordeddatefomated` varchar(8)
);

-- --------------------------------------------------------

--
-- Table structure for table `cashs`
--

CREATE TABLE `cashs` (
  `id` int(10) UNSIGNED NOT NULL,
  `customer_id` int(11) NOT NULL,
  `paid` double(11,3) NOT NULL,
  `cashdate` datetime NOT NULL,
  `created_at` timestamp NULL DEFAULT CURRENT_TIMESTAMP,
  `updated_at` timestamp NULL DEFAULT CURRENT_TIMESTAMP
) ENGINE=InnoDB DEFAULT CHARSET=utf8mb4 COLLATE=utf8mb4_unicode_ci;

--
-- Dumping data for table `cashs`
--

INSERT INTO `cashs` (`id`, `customer_id`, `paid`, `cashdate`, `created_at`, `updated_at`) VALUES
(1, 43, 3800.000, '2017-10-22 11:38:16', '2017-12-02 11:42:20', '2017-12-02 11:42:20'),
(2, 43, 950.000, '2017-10-22 11:42:37', '2017-12-02 11:43:01', '2017-12-02 11:43:01'),
(3, 45, 400.000, '2017-10-23 11:43:01', '2017-12-02 11:43:25', '2017-12-02 11:43:25'),
(4, 43, 950.000, '2017-10-23 11:43:25', '2017-12-02 11:44:08', '2017-12-02 11:44:08'),
(5, 44, 7200.000, '2017-10-25 11:44:09', '2017-12-02 11:44:39', '2017-12-02 11:44:39'),
(6, 21, 5500.000, '2017-10-25 11:44:39', '2017-12-02 11:50:09', '2017-12-02 11:50:09'),
(7, 21, 400.000, '2017-10-25 11:50:09', '2017-12-02 11:51:53', '2017-12-02 11:51:53'),
(8, 28, 2000.000, '2017-10-25 11:52:30', '2017-12-02 11:53:15', '2017-12-02 11:53:15'),
(9, 30, 9000.000, '2017-10-25 11:53:15', '2017-12-02 11:53:41', '2017-12-02 11:53:41'),
(10, 31, 4500.000, '2017-10-25 11:53:41', '2017-12-02 11:54:02', '2017-12-02 11:54:02'),
(11, 13, 4750.000, '2017-10-25 11:54:03', '2017-12-02 11:54:32', '2017-12-02 11:54:32'),
(12, 27, 4500.000, '2017-10-25 11:54:32', '2017-12-02 11:54:54', '2017-12-02 11:54:54'),
(13, 43, 950.000, '2017-10-27 11:54:54', '2017-12-02 11:56:09', '2017-12-02 11:56:09'),
(14, 46, 4500.000, '2017-10-27 11:56:09', '2017-12-02 11:58:36', '2017-12-02 11:58:36'),
(15, 43, 900.000, '2017-10-28 11:58:36', '2017-12-02 12:04:43', '2017-12-02 12:04:43'),
(16, 28, 3000.000, '2017-10-28 12:04:43', '2017-12-02 12:06:12', '2017-12-02 12:06:12'),
(17, 43, 900.000, '2017-10-28 12:06:44', '2017-12-02 12:10:05', '2017-12-02 12:10:05'),
(18, 30, 5000.000, '2017-10-28 12:14:08', '2017-12-02 12:17:43', '2017-12-02 12:17:43'),
(19, 31, 1800.000, '2017-10-28 12:17:43', '2017-12-02 12:18:36', '2017-12-02 12:18:36'),
(20, 2, 1500.000, '2017-10-28 12:28:22', '2017-12-02 12:29:25', '2017-12-02 12:29:25'),
(21, 1, 3000.000, '2017-10-28 12:30:17', '2017-12-02 12:31:14', '2017-12-02 12:31:14'),
(22, 26, 900.000, '2017-10-29 12:35:09', '2017-12-02 12:38:07', '2017-12-02 12:38:07'),
(23, 43, 950.000, '2017-10-29 12:35:09', '2017-12-02 12:39:11', '2017-12-02 12:39:11'),
(24, 43, 4500.000, '2017-10-29 12:35:09', '2017-12-02 12:40:29', '2017-12-02 12:40:29'),
(25, 26, 900.000, '2017-10-29 12:35:09', '2017-12-02 12:40:43', '2017-12-02 12:40:43'),
(26, 27, 5000.000, '2017-11-02 12:40:43', '2017-12-02 12:41:18', '2017-12-02 12:41:18'),
(27, 30, 4000.000, '2017-11-02 12:40:43', '2017-12-02 12:41:50', '2017-12-02 12:41:50'),
(28, 13, 4750.000, '2017-11-02 12:40:43', '2017-12-02 12:42:41', '2017-12-02 12:42:41'),
(29, 29, 1000.000, '2017-11-02 12:40:43', '2017-12-02 12:42:54', '2017-12-02 12:42:54'),
(30, 48, 1800.000, '2017-11-02 12:40:43', '2017-12-02 12:43:09', '2017-12-02 12:43:09'),
(31, 46, 5000.000, '2017-11-03 12:40:43', '2017-12-02 12:43:28', '2017-12-02 12:43:28'),
(32, 44, 8300.000, '2017-11-04 12:40:43', '2017-12-02 12:43:47', '2017-12-02 12:43:47'),
(33, 43, 900.000, '2017-11-04 12:40:43', '2017-12-02 12:44:10', '2017-12-02 12:44:10'),
(34, 49, 1800.000, '2017-11-06 12:40:43', '2017-12-02 12:45:15', '2017-12-02 12:45:15'),
(35, 43, 1800.000, '2017-12-02 12:45:52', '2017-12-02 12:46:08', '2017-12-02 12:46:08'),
(36, 30, 5000.000, '2017-11-07 12:46:08', '2017-12-02 12:47:45', '2017-12-02 12:47:45'),
(37, 31, 4500.000, '2017-11-07 12:46:08', '2017-12-02 12:48:00', '2017-12-02 12:48:00'),
(38, 43, 1800.000, '2017-11-07 12:46:08', '2017-12-02 12:48:58', '2017-12-02 12:48:58'),
(39, 44, 17300.000, '2017-11-07 12:46:08', '2017-12-02 12:49:53', '2017-12-02 12:49:53'),
(40, 30, 4000.000, '2017-11-09 12:46:08', '2017-12-02 12:50:33', '2017-12-02 12:50:33'),
(41, 48, 1000.000, '2017-11-09 12:46:08', '2017-12-02 12:50:51', '2017-12-02 12:50:51'),
(42, 46, 4500.000, '2017-11-09 12:46:08', '2017-12-02 12:51:10', '2017-12-02 12:51:10'),
(43, 23, 1600.000, '2017-11-09 12:46:08', '2017-12-02 12:52:33', '2017-12-02 12:52:33'),
(44, 23, 1000.000, '2017-11-10 12:46:08', '2017-12-02 12:53:26', '2017-12-02 12:53:26'),
(45, 44, 17000.000, '2017-11-11 12:55:25', '2017-12-02 12:56:12', '2017-12-02 12:56:12'),
(46, 3, 2500.000, '2017-11-11 12:56:12', '2017-12-02 12:57:08', '2017-12-02 12:57:08'),
(47, 26, 900.000, '2017-11-12 12:56:12', '2017-12-02 12:58:27', '2017-12-02 12:58:27'),
(48, 50, 1200.000, '2017-11-11 12:56:12', '2017-12-02 12:59:01', '2017-12-02 12:59:01'),
(49, 23, 3000.000, '2017-11-12 12:59:02', '2017-12-02 12:59:33', '2017-12-02 12:59:33'),
(50, 28, 3300.000, '2017-11-11 12:59:02', '2017-12-02 13:00:20', '2017-12-02 13:00:20'),
(51, 13, 4500.000, '2017-11-12 12:59:02', '2017-12-02 13:02:21', '2017-12-02 13:02:21'),
(52, 43, 900.000, '2017-11-12 12:59:02', '2017-12-02 13:02:43', '2017-12-02 13:02:43'),
(53, 30, 5000.000, '2017-11-12 12:59:02', '2017-12-02 13:03:07', '2017-12-02 13:03:07'),
(54, 31, 1800.000, '2017-11-12 12:59:02', '2017-12-02 13:03:25', '2017-12-02 13:03:25'),
(55, 48, 800.000, '2017-11-12 12:59:02', '2017-12-02 13:03:49', '2017-12-02 13:03:49'),
(56, 43, 950.000, '2017-11-12 12:59:02', '2017-12-02 13:04:42', '2017-12-02 13:04:42'),
(57, 42, 3500.000, '2017-11-16 12:59:02', '2017-12-02 13:05:15', '2017-12-02 13:05:15'),
(58, 50, 600.000, '2017-11-16 12:59:02', '2017-12-02 13:05:29', '2017-12-02 13:05:29'),
(59, 23, 3000.000, '2017-11-14 12:59:02', '2017-12-02 13:06:08', '2017-12-02 13:06:08'),
(60, 46, 7000.000, '2017-11-15 12:59:02', '2017-12-02 13:06:37', '2017-12-02 13:06:37'),
(61, 43, 2700.000, '2017-11-15 12:59:02', '2017-12-02 13:06:56', '2017-12-02 13:06:56'),
(62, 43, 900.000, '2017-11-15 12:59:02', '2017-12-02 13:07:12', '2017-12-02 13:07:12'),
(63, 46, 2500.000, '2017-11-16 12:59:02', '2017-12-02 13:07:45', '2017-12-02 13:07:45'),
(64, 29, 4000.000, '2017-11-16 12:59:02', '2017-12-02 13:08:03', '2017-12-02 13:08:03'),
(65, 48, 1800.000, '2017-11-16 12:59:02', '2017-12-02 13:08:23', '2017-12-02 13:08:23'),
(66, 27, 4500.000, '2017-11-16 12:59:02', '2017-12-02 13:08:37', '2017-12-02 13:08:37'),
(67, 44, 25700.000, '2017-11-16 12:59:02', '2017-12-02 13:08:58', '2017-12-02 13:08:58'),
(68, 43, 950.000, '2017-11-16 12:59:02', '2017-12-02 13:09:21', '2017-12-02 13:09:21'),
(69, 26, 900.000, '2017-11-18 13:10:54', '2017-12-02 13:11:24', '2017-12-02 13:11:24'),
(70, 31, 1800.000, '2017-11-18 13:10:54', '2017-12-02 13:13:03', '2017-12-02 13:13:03'),
(71, 43, 900.000, '2017-11-18 13:10:54', '2017-12-02 13:13:22', '2017-12-02 13:13:22'),
(72, 3, 3500.000, '2017-11-18 13:10:54', '2017-12-02 13:14:43', '2017-12-02 13:14:43'),
(73, 29, 900.000, '2017-11-18 13:10:54', '2017-12-02 13:16:55', '2017-12-02 13:16:55'),
(74, 43, 950.000, '2017-11-18 13:10:54', '2017-12-02 13:17:58', '2017-12-02 13:17:58'),
(75, 28, 2000.000, '2017-11-18 13:10:54', '2017-12-02 13:18:41', '2017-12-02 13:18:41'),
(76, 26, 900.000, '2017-11-20 13:10:54', '2017-12-02 13:21:30', '2017-12-02 13:21:30'),
(77, 49, 2700.000, '2017-11-22 13:10:54', '2017-12-02 13:24:44', '2017-12-02 13:24:44'),
(78, 26, 900.000, '2017-11-22 13:10:54', '2017-12-02 13:25:18', '2017-12-02 13:25:18'),
(79, 44, 17300.000, '2017-11-22 13:25:18', '2017-12-02 13:25:41', '2017-12-02 13:25:41'),
(80, 43, 1000.000, '2017-11-24 13:25:41', '2017-12-02 13:26:05', '2017-12-02 13:26:05'),
(81, 46, 8000.000, '2017-11-24 13:25:41', '2017-12-02 13:26:39', '2017-12-02 13:26:39'),
(82, 43, 900.000, '2017-11-25 13:25:41', '2017-12-02 13:26:59', '2017-12-02 13:26:59'),
(83, 43, 500.000, '2017-11-24 13:25:41', '2017-12-02 13:27:15', '2017-12-02 13:27:15'),
(84, 43, 1000.000, '2017-11-24 13:25:41', '2017-12-02 13:28:16', '2017-12-02 13:28:16'),
(85, 43, 500.000, '2017-11-24 13:25:41', '2017-12-02 13:28:27', '2017-12-02 13:28:27'),
(86, 46, 5000.000, '2017-11-30 13:25:41', '2017-12-02 13:28:53', '2017-12-02 13:28:53'),
(87, 29, 900.000, '2017-11-30 13:30:30', '2017-12-02 13:31:13', '2017-12-02 13:31:13'),
(88, 27, 4500.000, '2017-11-30 13:30:30', '2017-12-02 13:31:33', '2017-12-02 13:31:33'),
(89, 48, 2700.000, '2017-11-30 13:30:30', '2017-12-02 13:31:51', '2017-12-02 13:31:51'),
(90, 44, 2500.000, '2017-11-30 13:30:30', '2017-12-02 13:32:11', '2017-12-02 13:32:11'),
(91, 28, 1000.000, '2017-12-02 21:24:38', '2017-12-03 21:27:25', '2017-12-03 21:27:25'),
(92, 43, 1800.000, '2017-12-02 21:24:38', '2017-12-03 21:28:53', '2017-12-03 21:28:53'),
(93, 31, 2000.000, '2017-12-02 21:28:53', '2017-12-02 21:34:58', '2017-12-02 21:34:58'),
(94, 30, 9000.000, '2017-12-02 21:34:58', '2017-12-02 21:35:09', '2017-12-02 21:35:09'),
(95, 13, 4500.000, '2017-11-28 21:24:38', '2017-12-03 21:28:53', '2017-12-03 21:28:53'),
(96, 43, 900.000, '2017-12-02 23:51:15', '2017-12-02 23:51:41', '2017-12-02 23:51:41'),
(97, 21, 1200.000, '2017-12-02 23:51:41', '2017-12-02 23:53:15', '2017-12-02 23:53:15'),
(98, 3, 3900.000, '2017-12-02 23:53:39', '2017-12-02 23:54:34', '2017-12-02 23:54:34'),
(99, 26, 900.000, '2017-12-03 00:00:05', '2017-12-03 00:01:15', '2017-12-03 00:01:15'),
(100, 54, 500.000, '2017-12-03 00:02:55', '2017-12-03 00:03:11', '2017-12-03 00:03:11'),
(101, 40, 1100.000, '2017-11-29 15:52:49', '2017-12-05 15:55:30', '2017-12-05 15:55:30'),
(102, 36, 1000.000, '2017-12-07 00:00:05', '2017-12-07 00:01:15', '2017-12-07 00:01:15'),
(103, 21, 3450.000, '2017-12-09 12:59:02', '2017-12-09 11:59:02', '2017-12-09 11:59:02'),
(104, 50, 900.000, '2017-12-09 12:59:02', '2017-12-09 11:59:02', '2017-12-09 11:59:02'),
(105, 49, 2700.000, '2017-12-09 12:59:02', '2017-12-09 11:59:02', '2017-12-09 11:59:02'),
(106, 23, 3000.000, '2017-11-16 12:16:15', '2017-12-09 12:17:22', '2017-12-09 12:17:22'),
(107, 23, 475.000, '2017-11-16 12:17:22', '2017-12-09 12:18:17', '2017-12-09 12:18:17'),
(108, 54, 450.000, '2017-12-04 12:17:22', '2017-12-09 12:18:48', '2017-12-09 12:18:48'),
(109, 43, 950.000, '2017-12-04 12:17:22', '2017-12-09 12:19:16', '2017-12-09 12:19:16'),
(110, 26, 900.000, '2017-12-04 12:17:22', '2017-12-09 12:22:01', '2017-12-09 12:22:01'),
(111, 46, 4500.000, '2017-12-06 12:22:01', '2017-12-09 12:22:35', '2017-12-09 12:22:35'),
(112, 52, 1000.000, '2017-12-06 12:17:22', '2017-12-09 12:26:51', '2017-12-09 12:26:51'),
(113, 44, 14150.000, '2017-12-07 12:26:51', '2017-12-09 12:27:34', '2017-12-09 12:27:34'),
(114, 44, 100.000, '2017-12-07 12:26:51', '2017-12-09 12:27:46', '2017-12-09 12:27:46'),
(115, 21, 6800.000, '2017-12-07 12:26:51', '2017-12-09 12:28:17', '2017-12-09 12:28:17'),
(116, 27, 5000.000, '2017-12-07 12:26:51', '2017-12-09 12:28:35', '2017-12-09 12:28:35'),
(117, 13, 4500.000, '2017-12-07 12:26:51', '2017-12-09 12:28:51', '2017-12-09 12:28:51'),
(118, 48, 1800.000, '2017-12-07 12:26:51', '2017-12-09 12:29:11', '2017-12-09 12:29:11'),
(119, 31, 2500.000, '2017-12-07 12:26:51', '2017-12-09 12:29:34', '2017-12-09 12:29:34'),
(120, 43, 900.000, '2017-12-07 12:26:51', '2017-12-09 12:29:56', '2017-12-09 12:29:56'),
(121, 46, 3000.000, '2017-12-08 12:29:56', '2017-12-09 12:30:44', '2017-12-09 12:30:44'),
(122, 50, 900.000, '2017-12-09 12:30:44', '2017-12-09 12:31:20', '2017-12-09 12:31:20'),
(123, 23, 1500.000, '2017-12-09 12:31:20', '2017-12-09 12:31:39', '2017-12-09 12:31:39'),
(124, 43, 900.000, '2017-12-09 18:23:40', '2017-12-09 18:24:17', '2017-12-09 18:24:17'),
(125, 29, 900.000, '2017-12-09 18:24:17', '2017-12-09 18:24:38', '2017-12-09 18:24:38'),
(126, 31, 3400.000, '2017-12-09 18:24:38', '2017-12-09 18:25:08', '2017-12-09 18:25:08'),
(127, 43, 900.000, '2017-12-09 18:25:53', '2017-12-09 18:26:07', '2017-12-09 18:26:07'),
(128, 47, 1000.000, '2017-12-09 18:26:26', '2017-12-09 18:27:08', '2017-12-09 18:27:08'),
(129, 1, 850.000, '2017-12-09 18:27:28', '2017-12-09 18:28:25', '2017-12-09 18:28:25'),
(130, 3, 3400.000, '2017-12-09 18:30:32', '2017-12-09 18:31:58', '2017-12-09 18:31:58'),
(131, 43, 900.000, '2017-12-09 18:31:58', '2017-12-09 18:32:20', '2017-12-09 18:32:20'),
(132, 43, 450.000, '2017-12-09 18:32:20', '2017-12-09 18:32:39', '2017-12-09 18:32:39'),
(133, 26, 900.000, '2017-12-09 18:34:40', '2017-12-09 18:35:05', '2017-12-09 18:35:05'),
(134, 43, 900.000, '2017-12-09 18:35:05', '2017-12-09 18:35:14', '2017-12-09 18:35:14');

-- --------------------------------------------------------

--
-- Stand-in structure for view `cashsum_vw`
-- (See below for the actual view)
--
CREATE TABLE `cashsum_vw` (
`id` int(10) unsigned
,`customer_id` int(11)
,`customer_name` text
,`totalpaid` double(20,3)
);

-- --------------------------------------------------------

--
-- Stand-in structure for view `cash_vw`
-- (See below for the actual view)
--
CREATE TABLE `cash_vw` (
`id` int(10) unsigned
,`customer_id` int(11)
,`customer_name` text
,`paid` double(11,3)
,`cashdate` datetime
);

-- --------------------------------------------------------

--
-- Table structure for table `configurations`
--

CREATE TABLE `configurations` (
  `id` int(11) NOT NULL,
  `name` varchar(254) NOT NULL,
  `description` text NOT NULL,
  `value` text NOT NULL
) ENGINE=InnoDB DEFAULT CHARSET=latin1;

-- --------------------------------------------------------

--
-- Table structure for table `customer`
--

CREATE TABLE `customer` (
  `id` int(11) NOT NULL,
  `Firstname` varchar(255) NOT NULL,
  `lastname` varchar(255) NOT NULL,
  `address` varchar(255) NOT NULL,
  `pending_balance` int(11) NOT NULL
) ENGINE=InnoDB DEFAULT CHARSET=latin1;

--
-- Dumping data for table `customer`
--

INSERT INTO `customer` (`id`, `Firstname`, `lastname`, `address`, `pending_balance`) VALUES
(1, '14 Iya', 'Rere', '', -200),
(2, '22 Iya', 'Rere', '', 3420),
(3, 'Opp', 'Mosque', '', 4750),
(4, 'Obi', 'wife', 'Aguda', 450),
(5, 'Biggie', '', 'Coker Compound', 0),
(6, 'Ebube', 'Mama', 'Coker Compound', 50),
(7, 'Fair', 'Lady', 'Toll Gate', 0),
(8, 'Damian', '', 'Odogbolu', 0),
(9, 'Near Mosque', 'Lady', '', 0),
(10, 'Fair', 'Lady Near', 'Toll Gate', 0),
(11, 'Great', 'Mum', '', 0),
(12, 'Shehu', 'Mallam', '', 0),
(13, 'Abdul', 'Mallam', '', 4750),
(14, 'Elo', 'Mama', '', 0),
(15, 'Nurse', 'Alafia', '', 0),
(16, 'Ukata', 'Bro Junior', '', 0),
(17, 'Anyi', 'Iya', '', 0),
(18, 'Baba', 'Junior', '', 0),
(19, 'Aliya', 'Iya', '', 500),
(20, 'Nana', 'Mama', '', 0),
(21, 'Sister', 'Rose', 'Shop', 3900),
(22, 'Sister', 'Rose Friend', 'Shop', 0),
(23, 'Sunny', 'Iya', '', 1900),
(24, 'Adunni', 'Iya', '', 1100),
(25, 'Adunni', 'Iya Near', '', 950),
(26, 'Asisa', 'Iya', '', 0),
(27, 'Woman at', 'Alagba Road', '', 4750),
(28, 'Alagba', 'Mallam', '', 5250),
(29, 'Mama', 'Shullamite', '', 100),
(30, 'Mama', 'Shullamite Fair', '', 0),
(31, 'Mama', 'Shullamite Black', '', 4500),
(32, 'Joseph', 'Ogiolu', '', 50),
(33, 'Vickie', 'Etim', '', 0),
(34, 'Jane', 'Omanife', '', -200),
(35, 'Moremi', 'Chinaka', '', 0),
(36, 'Mercy', 'Agada', '', -600),
(37, 'Shade', '', 'Specs', 0),
(38, 'Busola', '', 'Specs', 0),
(39, 'Helen', '', 'Specs', 0),
(40, 'Habbee', '', 'Specs', 0),
(41, 'Gbogoade', '', 'Specs', 0),
(42, 'Idowu', '', '', 0),
(43, 'Cash', '', '', 0),
(44, 'Shop', 'Mum', 'Round About Amukoko', 0),
(45, 'Ayo', 'Mama (Formal)', 'Ijewere Aguda', 0),
(46, 'Bakare', '', 'Meiran', 0),
(47, 'Ukata', 'House Neibough', '', 0),
(48, 'Shullamite', 'House Ruffia', '', 0),
(49, 'Ondo', 'mama', '', 0),
(50, 'Pepper', 'Iya', '', 0),
(51, 'Paul', '', '', 0),
(52, 'Adamu', 'Neibour', 'Meiran', 0),
(53, 'Yam', 'Iya', 'Meiran', 0),
(54, 'Mama', 'Neibour House', 'Meiran', 0),
(55, 'Mujeeb', 'Salami', 'Specs', 0);

-- --------------------------------------------------------

--
-- Table structure for table `customers`
--

CREATE TABLE `customers` (
  `id` int(10) UNSIGNED NOT NULL,
  `firstname` varchar(255) COLLATE utf8mb4_unicode_ci NOT NULL,
  `lastname` varchar(255) COLLATE utf8mb4_unicode_ci NOT NULL,
  `address` varchar(255) COLLATE utf8mb4_unicode_ci NOT NULL
) ENGINE=InnoDB DEFAULT CHARSET=utf8mb4 COLLATE=utf8mb4_unicode_ci;

-- --------------------------------------------------------

--
-- Table structure for table `migrations`
--

CREATE TABLE `migrations` (
  `id` int(10) UNSIGNED NOT NULL,
  `migration` varchar(255) COLLATE utf8mb4_unicode_ci NOT NULL,
  `batch` int(11) NOT NULL
) ENGINE=InnoDB DEFAULT CHARSET=utf8mb4 COLLATE=utf8mb4_unicode_ci;

--
-- Dumping data for table `migrations`
--

INSERT INTO `migrations` (`id`, `migration`, `batch`) VALUES
(60, '2014_10_12_000000_create_users_table', 1),
(61, '2014_10_12_100000_create_password_resets_table', 1),
(62, '2017_11_20_165505_create_cashs_table', 1),
(63, '2017_11_20_165527_create_records_table', 1),
(64, '2017_11_20_172830_create_customers_table', 1);

-- --------------------------------------------------------

--
-- Table structure for table `password_resets`
--

CREATE TABLE `password_resets` (
  `email` varchar(191) COLLATE utf8mb4_unicode_ci NOT NULL,
  `token` varchar(191) COLLATE utf8mb4_unicode_ci NOT NULL,
  `created_at` timestamp NULL DEFAULT NULL
) ENGINE=InnoDB DEFAULT CHARSET=utf8mb4 COLLATE=utf8mb4_unicode_ci;

-- --------------------------------------------------------

--
-- Table structure for table `product`
--

CREATE TABLE `product` (
  `id` int(11) NOT NULL,
  `name` varchar(255) NOT NULL
) ENGINE=InnoDB DEFAULT CHARSET=latin1;

--
-- Dumping data for table `product`
--

INSERT INTO `product` (`id`, `name`) VALUES
(1, 'Egg'),
(2, 'Gala'),
(3, 'Reconciliation');

-- --------------------------------------------------------

--
-- Table structure for table `records`
--

CREATE TABLE `records` (
  `id` int(10) UNSIGNED NOT NULL,
  `customer_id` int(11) NOT NULL,
  `product_id` int(11) NOT NULL,
  `qty` double(11,3) NOT NULL,
  `rate` double(11,3) NOT NULL,
  `recordeddate` datetime NOT NULL DEFAULT CURRENT_TIMESTAMP,
  `created_at` timestamp NULL DEFAULT CURRENT_TIMESTAMP,
  `updated_at` timestamp NULL DEFAULT CURRENT_TIMESTAMP
) ENGINE=InnoDB DEFAULT CHARSET=utf8mb4 COLLATE=utf8mb4_unicode_ci;

--
-- Dumping data for table `records`
--

INSERT INTO `records` (`id`, `customer_id`, `product_id`, `qty`, `rate`, `recordeddate`, `created_at`, `updated_at`) VALUES
(1, 43, 1, 4.000, 950.000, '2017-10-22 11:38:16', '2017-12-02 11:42:20', '2017-12-02 11:42:20'),
(2, 44, 1, 1.000, 1000.000, '2017-10-22 11:42:20', '2017-12-02 11:42:37', '2017-12-02 11:42:37'),
(3, 43, 1, 1.000, 950.000, '2017-10-22 11:42:37', '2017-12-02 11:43:01', '2017-12-02 11:43:01'),
(4, 43, 1, 1.000, 950.000, '2017-10-23 11:43:25', '2017-12-02 11:44:08', '2017-12-02 11:44:08'),
(5, 44, 1, 8.000, 900.000, '2017-10-25 11:44:09', '2017-12-02 11:44:39', '2017-12-02 11:44:39'),
(6, 21, 1, 7.000, 950.000, '2017-10-25 11:44:39', '2017-12-02 11:50:09', '2017-12-02 11:50:09'),
(7, 43, 1, 1.000, 950.000, '2017-10-25 11:54:54', '2017-12-02 11:56:09', '2017-12-02 11:56:09'),
(8, 43, 1, 900.000, 1.000, '2017-10-28 11:58:36', '2017-12-02 12:04:43', '2017-12-02 12:04:43'),
(9, 28, 1, 950.000, 3.000, '2017-10-28 12:04:43', '2017-12-02 12:06:12', '2017-12-02 12:06:12'),
(10, 28, 1, 800.000, 0.500, '2017-10-28 12:06:12', '2017-12-02 12:06:44', '2017-12-02 12:06:44'),
(11, 43, 1, 900.000, 1.000, '2017-10-28 12:06:44', '2017-12-02 12:10:05', '2017-12-02 12:10:05'),
(12, 27, 1, 5.000, 950.000, '2017-10-28 12:10:05', '2017-12-02 12:13:51', '2017-12-02 12:13:51'),
(13, 13, 1, 950.000, 5.000, '2017-10-28 12:13:51', '2017-12-02 12:14:08', '2017-12-02 12:14:08'),
(14, 30, 1, 900.000, 10.000, '2017-10-28 12:14:08', '2017-12-02 12:17:43', '2017-12-02 12:17:43'),
(15, 31, 1, 2.000, 900.000, '2017-10-28 12:17:43', '2017-12-02 12:18:36', '2017-12-02 12:18:36'),
(16, 29, 1, 1.000, 900.000, '2017-10-28 12:18:36', '2017-12-02 12:22:16', '2017-12-02 12:22:16'),
(17, 47, 1, 1.000, 950.000, '2017-10-28 12:22:16', '2017-12-02 12:22:52', '2017-12-02 12:22:52'),
(18, 48, 1, 2.000, 900.000, '2017-10-28 12:22:52', '2017-12-02 12:27:17', '2017-12-02 12:27:17'),
(19, 2, 1, 2.000, 950.000, '2017-10-28 12:27:17', '2017-12-02 12:28:22', '2017-12-02 12:28:22'),
(20, 1, 1, 3.000, 950.000, '2017-10-28 12:30:17', '2017-12-02 12:31:14', '2017-12-02 12:31:14'),
(21, 1, 2, 1.000, 520.000, '2017-10-28 12:33:48', '2017-12-02 12:34:17', '2017-12-02 12:34:17'),
(22, 44, 1, 28.000, 900.000, '2017-10-28 12:34:17', '2017-12-02 12:34:41', '2017-12-02 12:34:41'),
(23, 44, 1, 6.000, 700.000, '2017-10-28 12:34:41', '2017-12-02 12:35:02', '2017-12-02 12:35:02'),
(24, 44, 1, 1.000, 1000.000, '2017-10-28 12:34:41', '2017-12-02 12:35:02', '2017-12-02 12:35:02'),
(25, 44, 1, 1.000, 800.000, '2017-10-28 12:34:41', '2017-12-02 12:35:02', '2017-12-02 12:35:02'),
(26, 46, 1, 10.000, 950.000, '2017-10-29 12:35:09', '2017-12-02 12:37:51', '2017-12-02 12:37:51'),
(27, 26, 1, 1.000, 900.000, '2017-10-29 12:35:09', '2017-12-02 12:38:07', '2017-12-02 12:38:07'),
(28, 49, 1, 2.000, 900.000, '2017-10-29 12:35:09', '2017-12-02 12:38:57', '2017-12-02 12:38:57'),
(29, 43, 1, 1.000, 950.000, '2017-10-29 12:35:09', '2017-12-02 12:39:11', '2017-12-02 12:39:11'),
(30, 43, 1, 5.000, 900.000, '2017-10-29 12:35:09', '2017-12-02 12:40:29', '2017-12-02 12:40:29'),
(31, 26, 1, 1.000, 900.000, '2017-10-29 12:35:09', '2017-12-02 12:40:43', '2017-12-02 12:40:43'),
(32, 43, 1, 1.000, 900.000, '2017-11-04 12:40:43', '2017-12-02 12:44:10', '2017-12-02 12:44:10'),
(33, 49, 1, 3.000, 900.000, '2017-11-06 12:40:43', '2017-12-02 12:45:15', '2017-12-02 12:45:15'),
(34, 46, 1, 10.000, 950.000, '2017-11-06 12:40:43', '2017-12-02 12:45:52', '2017-12-02 12:45:52'),
(35, 43, 1, 2.000, 900.000, '2017-11-07 12:45:52', '2017-12-02 12:46:08', '2017-12-02 12:46:08'),
(36, 30, 1, 10.000, 900.000, '2017-11-07 12:46:08', '2017-12-02 12:47:45', '2017-12-02 12:47:45'),
(37, 31, 1, 5.000, 900.000, '2017-11-07 12:46:08', '2017-12-02 12:48:00', '2017-12-02 12:48:00'),
(38, 29, 1, 1.000, 900.000, '2017-11-07 12:46:08', '2017-12-02 12:48:27', '2017-12-02 12:48:27'),
(39, 13, 1, 5.000, 900.000, '2017-11-07 12:46:08', '2017-12-02 12:48:42', '2017-12-02 12:48:42'),
(40, 43, 1, 2.000, 900.000, '2017-11-07 12:46:08', '2017-12-02 12:48:58', '2017-12-02 12:48:58'),
(41, 44, 1, 10.000, 900.000, '2017-11-07 12:46:08', '2017-12-02 12:49:53', '2017-12-02 12:49:53'),
(42, 44, 1, 8.000, 800.000, '2017-11-07 12:46:08', '2017-12-02 12:50:18', '2017-12-02 12:50:18'),
(43, 23, 1, 2.000, 950.000, '2017-11-09 12:46:08', '2017-12-02 12:52:33', '2017-12-02 12:52:33'),
(44, 23, 1, 3.000, 950.000, '2017-11-10 12:46:08', '2017-12-02 12:53:26', '2017-12-02 12:53:26'),
(45, 23, 1, 2.000, 950.000, '2017-11-11 12:46:08', '2017-12-02 12:55:25', '2017-12-02 12:55:25'),
(46, 3, 1, 5.000, 900.000, '2017-11-11 12:56:12', '2017-12-02 12:57:08', '2017-12-02 12:57:08'),
(47, 26, 1, 1.000, 900.000, '2017-11-12 12:56:12', '2017-12-02 12:58:27', '2017-12-02 12:58:27'),
(48, 50, 1, 2.000, 900.000, '2017-11-11 12:56:12', '2017-12-02 12:59:01', '2017-12-02 12:59:01'),
(49, 23, 1, 3.000, 950.000, '2017-11-12 12:59:02', '2017-12-02 12:59:33', '2017-12-02 12:59:33'),
(50, 28, 1, 3.000, 950.000, '2017-11-11 12:59:02', '2017-12-02 13:00:20', '2017-12-02 13:00:20'),
(51, 28, 1, 0.500, 800.000, '2017-11-12 12:59:02', '2017-12-02 13:00:39', '2017-12-02 13:00:39'),
(52, 27, 1, 5.000, 950.000, '2017-11-12 12:59:02', '2017-12-02 13:01:07', '2017-12-02 13:01:07'),
(53, 43, 1, 1.000, 900.000, '2017-11-12 12:59:02', '2017-12-02 13:02:43', '2017-12-02 13:02:43'),
(54, 30, 1, 10.000, 900.000, '2017-11-12 12:59:02', '2017-12-02 13:03:07', '2017-12-02 13:03:07'),
(55, 31, 1, 2.000, 900.000, '2017-11-12 12:59:02', '2017-12-02 13:03:25', '2017-12-02 13:03:25'),
(56, 48, 1, 2.000, 900.000, '2017-11-12 12:59:02', '2017-12-02 13:03:49', '2017-12-02 13:03:49'),
(57, 42, 1, 3.000, 950.000, '2017-11-12 12:59:02', '2017-12-02 13:04:17', '2017-12-02 13:04:17'),
(58, 2, 1, 1.000, 950.000, '2017-11-12 12:59:02', '2017-12-02 13:04:32', '2017-12-02 13:04:32'),
(59, 43, 1, 1.000, 950.000, '2017-11-12 12:59:02', '2017-12-02 13:04:42', '2017-12-02 13:04:42'),
(60, 23, 1, 3.000, 950.000, '2017-11-14 12:59:02', '2017-12-02 13:06:08', '2017-12-02 13:06:08'),
(61, 46, 1, 2.000, 950.000, '2017-11-15 12:59:02', '2017-12-02 13:06:37', '2017-12-02 13:06:37'),
(62, 43, 1, 3.000, 900.000, '2017-11-15 12:59:02', '2017-12-02 13:06:56', '2017-12-02 13:06:56'),
(63, 43, 1, 1.000, 900.000, '2017-11-15 12:59:02', '2017-12-02 13:07:12', '2017-12-02 13:07:12'),
(64, 43, 1, 1.000, 950.000, '2017-11-16 12:59:02', '2017-12-02 13:09:21', '2017-12-02 13:09:21'),
(65, 50, 1, 1.000, 900.000, '2017-11-17 12:59:02', '2017-12-02 13:10:21', '2017-12-02 13:10:21'),
(66, 46, 1, 3.000, 950.000, '2017-11-18 12:59:02', '2017-12-02 13:10:54', '2017-12-02 13:10:54'),
(67, 26, 1, 1.000, 900.000, '2017-11-18 13:10:54', '2017-12-02 13:11:24', '2017-12-02 13:11:24'),
(68, 44, 1, 10.000, 900.000, '2017-11-18 13:10:54', '2017-12-02 13:11:42', '2017-12-02 13:11:42'),
(69, 44, 1, 10.000, 800.000, '2017-11-18 13:10:54', '2017-12-02 13:11:53', '2017-12-02 13:11:53'),
(70, 44, 1, 1.000, 1000.000, '2017-11-18 13:10:54', '2017-12-02 13:12:38', '2017-12-02 13:12:38'),
(71, 31, 1, 2.000, 900.000, '2017-11-18 13:10:54', '2017-12-02 13:13:03', '2017-12-02 13:13:03'),
(72, 43, 1, 1.000, 900.000, '2017-11-18 13:10:54', '2017-12-02 13:13:21', '2017-12-02 13:13:21'),
(73, 3, 1, 6.000, 900.000, '2017-11-18 13:10:54', '2017-12-02 13:14:43', '2017-12-02 13:14:43'),
(74, 48, 1, 3.000, 900.000, '2017-11-18 13:10:54', '2017-12-02 13:15:07', '2017-12-02 13:15:07'),
(75, 13, 1, 5.000, 900.000, '2017-11-18 13:10:54', '2017-12-02 13:15:27', '2017-12-02 13:15:27'),
(76, 29, 1, 1.000, 900.000, '2017-11-18 13:10:54', '2017-12-02 13:16:55', '2017-12-02 13:16:55'),
(77, 2, 1, 1.000, 1000.000, '2017-11-18 13:10:54', '2017-12-02 13:17:17', '2017-12-02 13:17:17'),
(78, 42, 1, 3.000, 1000.000, '2017-11-18 13:10:54', '2017-12-02 13:17:30', '2017-12-02 13:17:30'),
(79, 43, 1, 1.000, 950.000, '2017-11-18 13:10:54', '2017-12-02 13:17:58', '2017-12-02 13:17:58'),
(80, 42, 2, 1.000, 500.000, '2017-11-18 13:10:54', '2017-12-02 13:18:24', '2017-12-02 13:18:24'),
(81, 26, 1, 1.000, 900.000, '2017-11-20 13:10:54', '2017-12-02 13:21:30', '2017-12-02 13:21:30'),
(82, 46, 1, 5.000, 950.000, '2017-11-20 13:10:54', '2017-12-02 13:23:15', '2017-12-02 13:23:15'),
(83, 49, 1, 3.000, 900.000, '2017-11-22 13:10:54', '2017-12-02 13:24:44', '2017-12-02 13:24:44'),
(84, 26, 1, 1.000, 900.000, '2017-11-22 13:10:54', '2017-12-02 13:25:18', '2017-12-02 13:25:18'),
(85, 43, 1, 1.000, 1000.000, '2017-11-24 13:25:41', '2017-12-02 13:26:05', '2017-12-02 13:26:05'),
(86, 46, 1, 4.000, 950.000, '2017-11-24 13:25:41', '2017-12-02 13:26:39', '2017-12-02 13:26:39'),
(87, 43, 1, 1.000, 900.000, '2017-11-25 13:25:41', '2017-12-02 13:26:59', '2017-12-02 13:26:59'),
(88, 43, 1, 0.500, 1000.000, '2017-11-24 13:25:41', '2017-12-02 13:27:15', '2017-12-02 13:27:15'),
(89, 43, 1, 1.000, 1000.000, '2017-11-24 13:25:41', '2017-12-02 13:28:16', '2017-12-02 13:28:16'),
(90, 43, 1, 0.500, 1000.000, '2017-11-24 13:25:41', '2017-12-02 13:28:27', '2017-12-02 13:28:27'),
(91, 43, 1, 2.000, 900.000, '2017-12-02 21:24:38', '2017-12-03 21:28:53', '2017-12-03 21:28:53'),
(92, 51, 1, 1.000, 950.000, '2017-12-02 21:28:53', '2017-12-03 21:29:26', '2017-12-03 21:29:26'),
(93, 27, 1, 5.000, 950.000, '2017-12-02 21:28:53', '2017-12-03 21:31:47', '2017-12-03 21:31:47'),
(94, 13, 1, 5.000, 900.000, '2017-12-02 21:28:53', '2017-12-03 21:32:07', '2017-12-03 21:32:07'),
(95, 31, 1, 5.000, 900.000, '2017-12-02 21:28:53', '2017-12-02 21:34:58', '2017-12-02 21:34:58'),
(96, 30, 1, 10.000, 900.000, '2017-12-02 21:34:58', '2017-12-02 21:35:09', '2017-12-02 21:35:09'),
(97, 29, 1, 1.000, 900.000, '2017-12-02 23:50:25', '2017-12-02 23:50:40', '2017-12-02 23:50:40'),
(98, 48, 1, 2.000, 900.000, '2017-12-02 23:50:40', '2017-12-02 23:51:15', '2017-12-02 23:51:15'),
(99, 43, 1, 1.000, 900.000, '2017-12-02 23:51:15', '2017-12-02 23:51:41', '2017-12-02 23:51:41'),
(100, 21, 1, 7.000, 900.000, '2017-12-02 23:51:41', '2017-12-02 23:53:15', '2017-12-02 23:53:15'),
(101, 21, 1, 0.500, 900.000, '2017-12-02 23:53:15', '2017-12-02 23:53:30', '2017-12-02 23:53:30'),
(102, 21, 1, 2.000, 800.000, '2017-12-02 23:53:30', '2017-12-02 23:53:39', '2017-12-02 23:53:39'),
(103, 3, 1, 5.000, 900.000, '2017-12-02 23:53:39', '2017-12-02 23:54:34', '2017-12-02 23:54:34'),
(104, 42, 1, 3.000, 950.000, '2017-12-02 23:54:34', '2017-12-02 23:55:14', '2017-12-02 23:55:14'),
(105, 42, 2, 1.000, 500.000, '2017-12-02 23:55:14', '2017-12-02 23:55:34', '2017-12-02 23:55:34'),
(106, 44, 1, 13.000, 800.000, '2017-12-02 23:55:34', '2017-12-02 23:56:05', '2017-12-02 23:56:05'),
(107, 44, 1, 2.000, 1000.000, '2017-12-02 23:56:05', '2017-12-02 23:56:14', '2017-12-02 23:56:14'),
(108, 44, 1, 4.000, 900.000, '2017-12-02 23:56:14', '2017-12-02 23:56:26', '2017-12-02 23:56:26'),
(109, 46, 1, 10.000, 950.000, '2017-12-02 23:56:26', '2017-12-02 23:57:46', '2017-12-02 23:57:46'),
(110, 50, 1, 1.000, 900.000, '2017-12-02 23:57:46', '2017-12-02 23:59:05', '2017-12-02 23:59:05'),
(111, 52, 1, 1.000, 900.000, '2017-12-02 23:59:05', '2017-12-03 00:00:05', '2017-12-03 00:00:05'),
(112, 26, 1, 1.000, 900.000, '2017-12-02 00:00:05', '2017-12-03 00:01:15', '2017-12-03 00:01:15'),
(113, 54, 1, 1.000, 950.000, '2017-12-02 00:02:55', '2017-12-03 00:03:11', '2017-12-03 00:03:11'),
(114, 53, 1, 2.000, 900.000, '2017-12-02 00:03:11', '2017-12-03 00:03:28', '2017-12-03 00:03:28'),
(115, 40, 1, 1.000, 1100.000, '2017-11-29 15:52:49', '2017-12-05 15:55:30', '2017-12-05 15:55:30'),
(116, 32, 1, 1.000, 1100.000, '2017-11-29 15:55:30', '2017-12-05 15:58:32', '2017-12-05 15:58:32'),
(117, 32, 1, 1.000, 1000.000, '2017-11-29 15:55:30', '2017-12-05 15:58:38', '2017-12-05 15:58:38'),
(118, 32, 1, 1.000, 1100.000, '2017-12-05 15:58:38', '2017-12-05 15:59:32', '2017-12-05 15:59:32'),
(119, 37, 1, 3.000, 1050.000, '2017-12-05 15:59:32', '2017-12-05 15:59:50', '2017-12-05 15:59:50'),
(120, 55, 1, 2.000, 1100.000, '2017-11-29 16:00:15', '2017-12-05 16:01:26', '2017-12-05 16:01:26'),
(121, 36, 1, 1.000, 1050.000, '2017-12-07 16:00:15', '2017-12-07 16:01:26', '2017-12-07 16:01:26'),
(122, 1, 1, 0.000, 0.000, '2017-11-29 16:00:15', '2017-12-05 16:01:26', '2017-12-05 16:01:26'),
(123, 2, 1, 0.000, 0.000, '2017-11-29 16:00:15', '2017-12-05 16:01:26', '2017-12-05 16:01:26'),
(124, 3, 1, 0.000, 0.000, '2017-11-29 16:00:15', '2017-12-05 16:01:26', '2017-12-05 16:01:26'),
(125, 4, 1, 0.000, 0.000, '2017-11-29 16:00:15', '2017-12-05 16:01:26', '2017-12-05 16:01:26'),
(126, 5, 1, 0.000, 0.000, '2017-11-29 16:00:15', '2017-12-05 16:01:26', '2017-12-05 16:01:26'),
(127, 6, 1, 0.000, 0.000, '2017-11-29 16:00:15', '2017-12-05 16:01:26', '2017-12-05 16:01:26'),
(128, 7, 1, 0.000, 0.000, '2017-11-29 16:00:15', '2017-12-05 16:01:26', '2017-12-05 16:01:26'),
(129, 8, 1, 0.000, 0.000, '2017-11-29 16:00:15', '2017-12-05 16:01:26', '2017-12-05 16:01:26'),
(130, 9, 1, 0.000, 0.000, '2017-11-29 16:00:15', '2017-12-05 16:01:26', '2017-12-05 16:01:26'),
(131, 10, 1, 0.000, 0.000, '2017-11-29 16:00:15', '2017-12-05 16:01:26', '2017-12-05 16:01:26'),
(132, 11, 1, 0.000, 0.000, '2017-11-29 16:00:15', '2017-12-05 16:01:26', '2017-12-05 16:01:26'),
(133, 12, 1, 0.000, 0.000, '2017-11-29 16:00:15', '2017-12-05 16:01:26', '2017-12-05 16:01:26'),
(134, 13, 1, 0.000, 0.000, '2017-11-29 16:00:15', '2017-12-05 16:01:26', '2017-12-05 16:01:26'),
(135, 14, 1, 0.000, 0.000, '2017-11-29 16:00:15', '2017-12-05 16:01:26', '2017-12-05 16:01:26'),
(136, 15, 1, 0.000, 0.000, '2017-11-29 16:00:15', '2017-12-05 16:01:26', '2017-12-05 16:01:26'),
(137, 16, 1, 0.000, 0.000, '2017-11-29 16:00:15', '2017-12-05 16:01:26', '2017-12-05 16:01:26'),
(138, 17, 1, 0.000, 0.000, '2017-11-29 16:00:15', '2017-12-05 16:01:26', '2017-12-05 16:01:26'),
(139, 18, 1, 0.000, 0.000, '2017-11-29 16:00:15', '2017-12-05 16:01:26', '2017-12-05 16:01:26'),
(140, 19, 1, 0.000, 0.000, '2017-11-29 16:00:15', '2017-12-05 16:01:26', '2017-12-05 16:01:26'),
(141, 20, 1, 0.000, 0.000, '2017-11-29 16:00:15', '2017-12-05 16:01:26', '2017-12-05 16:01:26'),
(143, 22, 1, 0.000, 0.000, '2017-11-29 16:00:15', '2017-12-05 16:01:26', '2017-12-05 16:01:26'),
(144, 23, 1, 0.000, 0.000, '2017-11-29 16:00:15', '2017-12-05 16:01:26', '2017-12-05 16:01:26'),
(145, 24, 1, 0.000, 0.000, '2017-11-29 16:00:15', '2017-12-05 16:01:26', '2017-12-05 16:01:26'),
(146, 25, 1, 0.000, 0.000, '2017-11-29 16:00:15', '2017-12-05 16:01:26', '2017-12-05 16:01:26'),
(147, 26, 1, 0.000, 0.000, '2017-11-29 16:00:15', '2017-12-05 16:01:26', '2017-12-05 16:01:26'),
(148, 27, 1, 0.000, 0.000, '2017-11-29 16:00:15', '2017-12-05 16:01:26', '2017-12-05 16:01:26'),
(149, 28, 1, 0.000, 0.000, '2017-11-29 16:00:15', '2017-12-05 16:01:26', '2017-12-05 16:01:26'),
(150, 29, 1, 0.000, 0.000, '2017-11-29 16:00:15', '2017-12-05 16:01:26', '2017-12-05 16:01:26'),
(151, 30, 1, 0.000, 0.000, '2017-11-29 16:00:15', '2017-12-05 16:01:26', '2017-12-05 16:01:26'),
(152, 31, 1, 0.000, 0.000, '2017-11-29 16:00:15', '2017-12-05 16:01:26', '2017-12-05 16:01:26'),
(153, 32, 1, 0.000, 0.000, '2017-11-29 16:00:15', '2017-12-05 16:01:26', '2017-12-05 16:01:26'),
(154, 33, 1, 0.000, 0.000, '2017-11-29 16:00:15', '2017-12-05 16:01:26', '2017-12-05 16:01:26'),
(155, 34, 1, 0.000, 0.000, '2017-11-29 16:00:15', '2017-12-05 16:01:26', '2017-12-05 16:01:26'),
(156, 35, 1, 0.000, 0.000, '2017-11-29 16:00:15', '2017-12-05 16:01:26', '2017-12-05 16:01:26'),
(157, 36, 1, 0.000, 0.000, '2017-11-29 16:00:15', '2017-12-05 16:01:26', '2017-12-05 16:01:26'),
(158, 37, 1, 0.000, 0.000, '2017-11-29 16:00:15', '2017-12-05 16:01:26', '2017-12-05 16:01:26'),
(159, 37, 1, 3.000, 1050.000, '2017-12-06 15:59:32', '2017-12-06 15:59:50', '2017-12-06 15:59:50'),
(160, 42, 3, 1.000, 650.000, '2017-12-09 12:59:02', '2017-12-09 11:59:02', '2017-12-09 11:59:02'),
(161, 27, 3, 1.000, 4750.000, '2017-12-09 12:59:02', '2017-12-09 11:59:02', '2017-12-09 11:59:02'),
(162, 48, 3, 1.000, 1800.000, '2017-12-09 12:59:02', '2017-12-09 11:59:02', '2017-12-09 11:59:02'),
(163, 30, 3, 1.000, 5000.000, '2017-12-09 12:59:02', '2017-12-09 11:59:02', '2017-12-09 11:59:02'),
(164, 29, 3, 1.000, 4000.000, '2017-12-09 12:59:02', '2017-12-09 11:59:02', '2017-12-09 11:59:02'),
(165, 46, 3, 1.000, 4500.000, '2017-12-09 12:59:02', '2017-12-09 11:59:02', '2017-12-09 11:59:02'),
(166, 23, 1, 0.500, 950.000, '2017-11-16 12:17:22', '2017-12-09 12:18:17', '2017-12-09 12:18:17'),
(167, 43, 1, 1.000, 950.000, '2017-12-04 12:17:22', '2017-12-09 12:19:16', '2017-12-09 12:19:16'),
(168, 26, 1, 1.000, 900.000, '2017-12-04 12:17:22', '2017-12-09 12:22:01', '2017-12-09 12:22:01'),
(169, 52, 1, 1.000, 900.000, '2017-12-06 12:17:22', '2017-12-09 12:26:51', '2017-12-09 12:26:51'),
(170, 44, 1, 3.000, 900.000, '2017-12-07 12:26:51', '2017-12-09 12:27:33', '2017-12-09 12:27:33'),
(171, 43, 1, 1.000, 900.000, '2017-12-07 12:26:51', '2017-12-09 12:29:56', '2017-12-09 12:29:56'),
(172, 43, 1, 1.000, 900.000, '2017-12-09 18:23:40', '2017-12-09 18:24:17', '2017-12-09 18:24:17'),
(173, 29, 1, 1.000, 900.000, '2017-12-09 18:24:17', '2017-12-09 18:24:38', '2017-12-09 18:24:38'),
(174, 31, 1, 6.000, 900.000, '2017-12-09 18:24:38', '2017-12-09 18:25:08', '2017-12-09 18:25:08'),
(175, 48, 1, 2.000, 900.000, '2017-12-09 18:25:08', '2017-12-09 18:25:53', '2017-12-09 18:25:53'),
(176, 43, 1, 1.000, 900.000, '2017-12-09 18:25:53', '2017-12-09 18:26:07', '2017-12-09 18:26:07'),
(177, 13, 1, 5.000, 900.000, '2017-12-09 18:26:07', '2017-12-09 18:26:26', '2017-12-09 18:26:26'),
(178, 1, 1, 2.000, 950.000, '2017-12-09 18:27:08', '2017-12-09 18:27:28', '2017-12-09 18:27:28'),
(179, 1, 2, 1.000, 520.000, '2017-12-09 18:27:28', '2017-12-09 18:28:25', '2017-12-09 18:28:25'),
(180, 2, 1, 1.000, 950.000, '2017-12-09 18:28:25', '2017-12-09 18:30:08', '2017-12-09 18:30:08'),
(181, 42, 1, 1.000, 1000.000, '2017-12-09 18:30:08', '2017-12-09 18:30:32', '2017-12-09 18:30:32'),
(182, 43, 1, 1.000, 900.000, '2017-12-09 18:31:58', '2017-12-09 18:32:20', '2017-12-09 18:32:20'),
(183, 43, 1, 0.500, 900.000, '2017-12-09 18:32:20', '2017-12-09 18:32:38', '2017-12-09 18:32:38'),
(184, 52, 1, 1.000, 900.000, '2017-12-09 18:32:39', '2017-12-09 18:32:58', '2017-12-09 18:32:58'),
(185, 44, 1, 20.000, 950.000, '2017-12-09 18:32:58', '2017-12-09 18:33:27', '2017-12-09 18:33:27'),
(186, 44, 1, 19.000, 900.000, '2017-12-09 18:33:27', '2017-12-09 18:33:53', '2017-12-09 18:33:53'),
(187, 44, 1, 8.500, 800.000, '2017-12-09 18:33:53', '2017-12-09 18:34:11', '2017-12-09 18:34:11'),
(188, 46, 1, 10.000, 950.000, '2017-12-09 18:34:11', '2017-12-09 18:34:40', '2017-12-09 18:34:40'),
(189, 26, 1, 1.000, 900.000, '2017-12-09 18:34:40', '2017-12-09 18:35:05', '2017-12-09 18:35:05'),
(190, 43, 1, 1.000, 900.000, '2017-12-09 18:35:05', '2017-12-09 18:35:14', '2017-12-09 18:35:14'),
(191, 3, 3, 1.000, -2750.000, '2017-12-09 18:35:14', '2017-12-09 18:38:49', '2017-12-09 18:38:49');

-- --------------------------------------------------------

--
-- Stand-in structure for view `recordsum_vw`
-- (See below for the actual view)
--
CREATE TABLE `recordsum_vw` (
`id` int(10) unsigned
,`customer_id` int(11)
,`customer_name` text
,`total` double(20,3)
,`pending_balance` int(11)
,`recordeddate` datetime
);

-- --------------------------------------------------------

--
-- Stand-in structure for view `record_vw`
-- (See below for the actual view)
--
CREATE TABLE `record_vw` (
`id` int(10) unsigned
,`customer_id` int(11)
,`customer_name` text
,`product_id` int(11)
,`qty` double(11,3)
,`rate` double(11,3)
,`total` double(20,3)
,`recordeddate` datetime
);

-- --------------------------------------------------------

--
-- Table structure for table `users`
--

CREATE TABLE `users` (
  `id` int(10) UNSIGNED NOT NULL,
  `name` varchar(191) COLLATE utf8mb4_unicode_ci NOT NULL,
  `email` varchar(191) COLLATE utf8mb4_unicode_ci NOT NULL,
  `password` varchar(191) COLLATE utf8mb4_unicode_ci NOT NULL,
  `remember_token` varchar(100) COLLATE utf8mb4_unicode_ci DEFAULT NULL,
  `created_at` timestamp NULL DEFAULT NULL,
  `updated_at` timestamp NULL DEFAULT NULL
) ENGINE=InnoDB DEFAULT CHARSET=utf8mb4 COLLATE=utf8mb4_unicode_ci;

-- --------------------------------------------------------

--
-- Structure for view `account`
--
DROP TABLE IF EXISTS `account`;

CREATE ALGORITHM=UNDEFINED DEFINER=`root`@`localhost` SQL SECURITY DEFINER VIEW `account`  AS  select `r`.`id` AS `id`,`r`.`customer_id` AS `customer_id`,`r`.`customer_name` AS `customer_name`,`r`.`pending_balance` AS `pending_balance`,`r`.`total` AS `total`,ifnull(`c`.`totalpaid`,0) AS `totalpaid`,((`r`.`pending_balance` + `r`.`total`) - ifnull(`c`.`totalpaid`,0)) AS `balance`,`r`.`recordeddate` AS `recordeddate`,date_format(`r`.`recordeddate`,'%Y%m%d') AS `recordeddatefomated` from (`recordsum_vw` `r` left join `cashsum_vw` `c` on((`r`.`customer_id` = `c`.`customer_id`))) group by `r`.`customer_id` order by `r`.`customer_name` ;

-- --------------------------------------------------------

--
-- Structure for view `cashsum_vw`
--
DROP TABLE IF EXISTS `cashsum_vw`;

CREATE ALGORITHM=UNDEFINED DEFINER=`root`@`localhost` SQL SECURITY DEFINER VIEW `cashsum_vw`  AS  select `ca`.`id` AS `id`,`ca`.`customer_id` AS `customer_id`,concat(`cu`.`Firstname`,' ',`cu`.`lastname`,' ',`cu`.`address`) AS `customer_name`,sum(`ca`.`paid`) AS `totalpaid` from (`customer` `cu` join `cashs` `ca` on((`ca`.`customer_id` = `cu`.`id`))) group by `ca`.`customer_id` ;

-- --------------------------------------------------------

--
-- Structure for view `cash_vw`
--
DROP TABLE IF EXISTS `cash_vw`;

CREATE ALGORITHM=UNDEFINED DEFINER=`root`@`localhost` SQL SECURITY DEFINER VIEW `cash_vw`  AS  select `ca`.`id` AS `id`,`ca`.`customer_id` AS `customer_id`,concat(`cu`.`Firstname`,' ',`cu`.`lastname`,' ',`cu`.`address`) AS `customer_name`,`ca`.`paid` AS `paid`,`ca`.`cashdate` AS `cashdate` from (`customer` `cu` join `cashs` `ca` on((`ca`.`customer_id` = `cu`.`id`))) ;

-- --------------------------------------------------------

--
-- Structure for view `recordsum_vw`
--
DROP TABLE IF EXISTS `recordsum_vw`;

CREATE ALGORITHM=UNDEFINED DEFINER=`root`@`localhost` SQL SECURITY DEFINER VIEW `recordsum_vw`  AS  select `r`.`id` AS `id`,`r`.`customer_id` AS `customer_id`,concat(`c`.`Firstname`,' ',`c`.`lastname`,' ',`c`.`address`) AS `customer_name`,sum((`r`.`qty` * `r`.`rate`)) AS `total`,`c`.`pending_balance` AS `pending_balance`,max(`r`.`recordeddate`) AS `recordeddate` from (`customer` `c` join `records` `r` on((`r`.`customer_id` = `c`.`id`))) group by `r`.`customer_id` ;

-- --------------------------------------------------------

--
-- Structure for view `record_vw`
--
DROP TABLE IF EXISTS `record_vw`;

CREATE ALGORITHM=UNDEFINED DEFINER=`root`@`localhost` SQL SECURITY DEFINER VIEW `record_vw`  AS  select `r`.`id` AS `id`,`r`.`customer_id` AS `customer_id`,concat(`c`.`Firstname`,' ',`c`.`lastname`,' ',`c`.`address`) AS `customer_name`,`r`.`product_id` AS `product_id`,`r`.`qty` AS `qty`,`r`.`rate` AS `rate`,(`r`.`qty` * `r`.`rate`) AS `total`,`r`.`recordeddate` AS `recordeddate` from (`customer` `c` left join `records` `r` on((`r`.`customer_id` = `c`.`id`))) ;

--
-- Indexes for dumped tables
--

--
-- Indexes for table `cashs`
--
ALTER TABLE `cashs`
  ADD PRIMARY KEY (`id`);

--
-- Indexes for table `configurations`
--
ALTER TABLE `configurations`
  ADD PRIMARY KEY (`id`),
  ADD UNIQUE KEY `id` (`id`),
  ADD UNIQUE KEY `name` (`name`);

--
-- Indexes for table `customer`
--
ALTER TABLE `customer`
  ADD PRIMARY KEY (`id`),
  ADD UNIQUE KEY `id` (`id`);

--
-- Indexes for table `customers`
--
ALTER TABLE `customers`
  ADD PRIMARY KEY (`id`);

--
-- Indexes for table `migrations`
--
ALTER TABLE `migrations`
  ADD PRIMARY KEY (`id`);

--
-- Indexes for table `password_resets`
--
ALTER TABLE `password_resets`
  ADD KEY `password_resets_email_index` (`email`);

--
-- Indexes for table `product`
--
ALTER TABLE `product`
  ADD PRIMARY KEY (`id`);

--
-- Indexes for table `records`
--
ALTER TABLE `records`
  ADD PRIMARY KEY (`id`);

--
-- Indexes for table `users`
--
ALTER TABLE `users`
  ADD PRIMARY KEY (`id`),
  ADD UNIQUE KEY `users_email_unique` (`email`);

--
-- AUTO_INCREMENT for dumped tables
--

--
-- AUTO_INCREMENT for table `cashs`
--
ALTER TABLE `cashs`
  MODIFY `id` int(10) UNSIGNED NOT NULL AUTO_INCREMENT, AUTO_INCREMENT=135;

--
-- AUTO_INCREMENT for table `configurations`
--
ALTER TABLE `configurations`
  MODIFY `id` int(11) NOT NULL AUTO_INCREMENT;

--
-- AUTO_INCREMENT for table `customer`
--
ALTER TABLE `customer`
  MODIFY `id` int(11) NOT NULL AUTO_INCREMENT, AUTO_INCREMENT=56;

--
-- AUTO_INCREMENT for table `customers`
--
ALTER TABLE `customers`
  MODIFY `id` int(10) UNSIGNED NOT NULL AUTO_INCREMENT;

--
-- AUTO_INCREMENT for table `migrations`
--
ALTER TABLE `migrations`
  MODIFY `id` int(10) UNSIGNED NOT NULL AUTO_INCREMENT, AUTO_INCREMENT=65;

--
-- AUTO_INCREMENT for table `product`
--
ALTER TABLE `product`
  MODIFY `id` int(11) NOT NULL AUTO_INCREMENT, AUTO_INCREMENT=4;

--
-- AUTO_INCREMENT for table `records`
--
ALTER TABLE `records`
  MODIFY `id` int(10) UNSIGNED NOT NULL AUTO_INCREMENT, AUTO_INCREMENT=192;

--
-- AUTO_INCREMENT for table `users`
--
ALTER TABLE `users`
  MODIFY `id` int(10) UNSIGNED NOT NULL AUTO_INCREMENT;
COMMIT;

/*!40101 SET CHARACTER_SET_CLIENT=@OLD_CHARACTER_SET_CLIENT */;
/*!40101 SET CHARACTER_SET_RESULTS=@OLD_CHARACTER_SET_RESULTS */;
/*!40101 SET COLLATION_CONNECTION=@OLD_COLLATION_CONNECTION */;
