-- phpMyAdmin SQL Dump
-- version 4.7.4
-- https://www.phpmyadmin.net/
--
-- Host: 127.0.0.1
-- Generation Time: Jul 20, 2018 at 04:51 PM
-- Server version: 10.1.28-MariaDB
-- PHP Version: 7.1.10

SET SQL_MODE = "NO_AUTO_VALUE_ON_ZERO";
SET AUTOCOMMIT = 0;
START TRANSACTION;
SET time_zone = "+00:00";


/*!40101 SET @OLD_CHARACTER_SET_CLIENT=@@CHARACTER_SET_CLIENT */;
/*!40101 SET @OLD_CHARACTER_SET_RESULTS=@@CHARACTER_SET_RESULTS */;
/*!40101 SET @OLD_COLLATION_CONNECTION=@@COLLATION_CONNECTION */;
/*!40101 SET NAMES utf8mb4 */;

--
-- Database: `niovostore`
--

-- --------------------------------------------------------

--
-- Stand-in structure for view `account`
-- (See below for the actual view)
--
CREATE TABLE `account` (
`id` int(10) unsigned
,`customer_id` int(11)
,`customer_name` text
,`pending_balance` int(11)
,`total` double(20,3)
,`totalpaid` double(20,3)
,`balance` double(20,3)
,`recordeddate` datetime
,`recordeddatefomated` varchar(8)
);

-- --------------------------------------------------------

--
-- Table structure for table `cashs`
--

CREATE TABLE `cashs` (
  `id` int(10) UNSIGNED NOT NULL,
  `customer_id` int(11) NOT NULL,
  `paid` double(11,3) NOT NULL,
  `cashdate` datetime NOT NULL,
  `created_at` timestamp NULL DEFAULT CURRENT_TIMESTAMP,
  `updated_at` timestamp NULL DEFAULT CURRENT_TIMESTAMP
) ENGINE=InnoDB DEFAULT CHARSET=utf8mb4 COLLATE=utf8mb4_unicode_ci;

--
-- Dumping data for table `cashs`
--

INSERT INTO `cashs` (`id`, `customer_id`, `paid`, `cashdate`, `created_at`, `updated_at`) VALUES
(1, 43, 3800.000, '2017-10-22 11:38:16', '2017-12-02 11:42:20', '2017-12-02 11:42:20'),
(2, 43, 950.000, '2017-10-22 11:42:37', '2017-12-02 11:43:01', '2017-12-02 11:43:01'),
(3, 45, 400.000, '2017-10-23 11:43:01', '2017-12-02 11:43:25', '2017-12-02 11:43:25'),
(4, 43, 950.000, '2017-10-23 11:43:25', '2017-12-02 11:44:08', '2017-12-02 11:44:08'),
(5, 44, 7200.000, '2017-10-25 11:44:09', '2017-12-02 11:44:39', '2017-12-02 11:44:39'),
(6, 21, 5500.000, '2017-10-25 11:44:39', '2017-12-02 11:50:09', '2017-12-02 11:50:09'),
(7, 21, 400.000, '2017-10-25 11:50:09', '2017-12-02 11:51:53', '2017-12-02 11:51:53'),
(8, 28, 2000.000, '2017-10-25 11:52:30', '2017-12-02 11:53:15', '2017-12-02 11:53:15'),
(9, 30, 9000.000, '2017-10-25 11:53:15', '2017-12-02 11:53:41', '2017-12-02 11:53:41'),
(10, 31, 4500.000, '2017-10-25 11:53:41', '2017-12-02 11:54:02', '2017-12-02 11:54:02'),
(11, 13, 4750.000, '2017-10-25 11:54:03', '2017-12-02 11:54:32', '2017-12-02 11:54:32'),
(12, 27, 4500.000, '2017-10-25 11:54:32', '2017-12-02 11:54:54', '2017-12-02 11:54:54'),
(13, 43, 950.000, '2017-10-27 11:54:54', '2017-12-02 11:56:09', '2017-12-02 11:56:09'),
(14, 46, 4500.000, '2017-10-27 11:56:09', '2017-12-02 11:58:36', '2017-12-02 11:58:36'),
(15, 43, 900.000, '2017-10-28 11:58:36', '2017-12-02 12:04:43', '2017-12-02 12:04:43'),
(16, 28, 3000.000, '2017-10-28 12:04:43', '2017-12-02 12:06:12', '2017-12-02 12:06:12'),
(17, 43, 900.000, '2017-10-28 12:06:44', '2017-12-02 12:10:05', '2017-12-02 12:10:05'),
(18, 30, 5000.000, '2017-10-28 12:14:08', '2017-12-02 12:17:43', '2017-12-02 12:17:43'),
(19, 31, 1800.000, '2017-10-28 12:17:43', '2017-12-02 12:18:36', '2017-12-02 12:18:36'),
(20, 2, 1500.000, '2017-10-28 12:28:22', '2017-12-02 12:29:25', '2017-12-02 12:29:25'),
(21, 1, 3000.000, '2017-10-28 12:30:17', '2017-12-02 12:31:14', '2017-12-02 12:31:14'),
(22, 26, 900.000, '2017-10-29 12:35:09', '2017-12-02 12:38:07', '2017-12-02 12:38:07'),
(23, 43, 950.000, '2017-10-29 12:35:09', '2017-12-02 12:39:11', '2017-12-02 12:39:11'),
(24, 43, 4500.000, '2017-10-29 12:35:09', '2017-12-02 12:40:29', '2017-12-02 12:40:29'),
(25, 26, 900.000, '2017-10-29 12:35:09', '2017-12-02 12:40:43', '2017-12-02 12:40:43'),
(26, 27, 5000.000, '2017-11-02 12:40:43', '2017-12-02 12:41:18', '2017-12-02 12:41:18'),
(27, 30, 4000.000, '2017-11-02 12:40:43', '2017-12-02 12:41:50', '2017-12-02 12:41:50'),
(28, 13, 4750.000, '2017-11-02 12:40:43', '2017-12-02 12:42:41', '2017-12-02 12:42:41'),
(29, 29, 1000.000, '2017-11-02 12:40:43', '2017-12-02 12:42:54', '2017-12-02 12:42:54'),
(30, 48, 1800.000, '2017-11-02 12:40:43', '2017-12-02 12:43:09', '2017-12-02 12:43:09'),
(31, 46, 5000.000, '2017-11-03 12:40:43', '2017-12-02 12:43:28', '2017-12-02 12:43:28'),
(32, 44, 8300.000, '2017-11-04 12:40:43', '2017-12-02 12:43:47', '2017-12-02 12:43:47'),
(33, 43, 900.000, '2017-11-04 12:40:43', '2017-12-02 12:44:10', '2017-12-02 12:44:10'),
(34, 49, 1800.000, '2017-11-06 12:40:43', '2017-12-02 12:45:15', '2017-12-02 12:45:15'),
(35, 43, 1800.000, '2017-12-02 12:45:52', '2017-12-02 12:46:08', '2017-12-02 12:46:08'),
(36, 30, 5000.000, '2017-11-07 12:46:08', '2017-12-02 12:47:45', '2017-12-02 12:47:45'),
(37, 31, 4500.000, '2017-11-07 12:46:08', '2017-12-02 12:48:00', '2017-12-02 12:48:00'),
(38, 43, 1800.000, '2017-11-07 12:46:08', '2017-12-02 12:48:58', '2017-12-02 12:48:58'),
(39, 44, 17300.000, '2017-11-07 12:46:08', '2017-12-02 12:49:53', '2017-12-02 12:49:53'),
(40, 30, 4000.000, '2017-11-09 12:46:08', '2017-12-02 12:50:33', '2017-12-02 12:50:33'),
(41, 48, 1000.000, '2017-11-09 12:46:08', '2017-12-02 12:50:51', '2017-12-02 12:50:51'),
(42, 46, 4500.000, '2017-11-09 12:46:08', '2017-12-02 12:51:10', '2017-12-02 12:51:10'),
(43, 23, 1600.000, '2017-11-09 12:46:08', '2017-12-02 12:52:33', '2017-12-02 12:52:33'),
(44, 23, 1000.000, '2017-11-10 12:46:08', '2017-12-02 12:53:26', '2017-12-02 12:53:26'),
(45, 44, 17000.000, '2017-11-11 12:55:25', '2017-12-02 12:56:12', '2017-12-02 12:56:12'),
(46, 3, 2500.000, '2017-11-11 12:56:12', '2017-12-02 12:57:08', '2017-12-02 12:57:08'),
(47, 26, 900.000, '2017-11-12 12:56:12', '2017-12-02 12:58:27', '2017-12-02 12:58:27'),
(48, 50, 1200.000, '2017-11-11 12:56:12', '2017-12-02 12:59:01', '2017-12-02 12:59:01'),
(49, 23, 3000.000, '2017-11-12 12:59:02', '2017-12-02 12:59:33', '2017-12-02 12:59:33'),
(50, 28, 3300.000, '2017-11-11 12:59:02', '2017-12-02 13:00:20', '2017-12-02 13:00:20'),
(51, 13, 4500.000, '2017-11-12 12:59:02', '2017-12-02 13:02:21', '2017-12-02 13:02:21'),
(52, 43, 900.000, '2017-11-12 12:59:02', '2017-12-02 13:02:43', '2017-12-02 13:02:43'),
(53, 30, 5000.000, '2017-11-12 12:59:02', '2017-12-02 13:03:07', '2017-12-02 13:03:07'),
(54, 31, 1800.000, '2017-11-12 12:59:02', '2017-12-02 13:03:25', '2017-12-02 13:03:25'),
(55, 48, 800.000, '2017-11-12 12:59:02', '2017-12-02 13:03:49', '2017-12-02 13:03:49'),
(56, 43, 950.000, '2017-11-12 12:59:02', '2017-12-02 13:04:42', '2017-12-02 13:04:42'),
(57, 42, 3500.000, '2017-11-16 12:59:02', '2017-12-02 13:05:15', '2017-12-02 13:05:15'),
(58, 50, 600.000, '2017-11-16 12:59:02', '2017-12-02 13:05:29', '2017-12-02 13:05:29'),
(59, 23, 3000.000, '2017-11-14 12:59:02', '2017-12-02 13:06:08', '2017-12-02 13:06:08'),
(60, 46, 7000.000, '2017-11-15 12:59:02', '2017-12-02 13:06:37', '2017-12-02 13:06:37'),
(61, 43, 2700.000, '2017-11-15 12:59:02', '2017-12-02 13:06:56', '2017-12-02 13:06:56'),
(62, 43, 900.000, '2017-11-15 12:59:02', '2017-12-02 13:07:12', '2017-12-02 13:07:12'),
(63, 46, 2500.000, '2017-11-16 12:59:02', '2017-12-02 13:07:45', '2017-12-02 13:07:45'),
(64, 29, 4000.000, '2017-11-16 12:59:02', '2017-12-02 13:08:03', '2017-12-02 13:08:03'),
(65, 48, 1800.000, '2017-11-16 12:59:02', '2017-12-02 13:08:23', '2017-12-02 13:08:23'),
(66, 27, 4500.000, '2017-11-16 12:59:02', '2017-12-02 13:08:37', '2017-12-02 13:08:37'),
(67, 44, 25700.000, '2017-11-16 12:59:02', '2017-12-02 13:08:58', '2017-12-02 13:08:58'),
(68, 43, 950.000, '2017-11-16 12:59:02', '2017-12-02 13:09:21', '2017-12-02 13:09:21'),
(69, 26, 900.000, '2017-11-18 13:10:54', '2017-12-02 13:11:24', '2017-12-02 13:11:24'),
(70, 31, 1800.000, '2017-11-18 13:10:54', '2017-12-02 13:13:03', '2017-12-02 13:13:03'),
(71, 43, 900.000, '2017-11-18 13:10:54', '2017-12-02 13:13:22', '2017-12-02 13:13:22'),
(72, 3, 3500.000, '2017-11-18 13:10:54', '2017-12-02 13:14:43', '2017-12-02 13:14:43'),
(73, 29, 900.000, '2017-11-18 13:10:54', '2017-12-02 13:16:55', '2017-12-02 13:16:55'),
(74, 43, 950.000, '2017-11-18 13:10:54', '2017-12-02 13:17:58', '2017-12-02 13:17:58'),
(75, 28, 2000.000, '2017-11-18 13:10:54', '2017-12-02 13:18:41', '2017-12-02 13:18:41'),
(76, 26, 900.000, '2017-11-20 13:10:54', '2017-12-02 13:21:30', '2017-12-02 13:21:30'),
(77, 49, 2700.000, '2017-11-22 13:10:54', '2017-12-02 13:24:44', '2017-12-02 13:24:44'),
(78, 26, 900.000, '2017-11-22 13:10:54', '2017-12-02 13:25:18', '2017-12-02 13:25:18'),
(79, 44, 17300.000, '2017-11-22 13:25:18', '2017-12-02 13:25:41', '2017-12-02 13:25:41'),
(80, 43, 1000.000, '2017-11-24 13:25:41', '2017-12-02 13:26:05', '2017-12-02 13:26:05'),
(81, 46, 8000.000, '2017-11-24 13:25:41', '2017-12-02 13:26:39', '2017-12-02 13:26:39'),
(82, 43, 900.000, '2017-11-25 13:25:41', '2017-12-02 13:26:59', '2017-12-02 13:26:59'),
(83, 43, 500.000, '2017-11-24 13:25:41', '2017-12-02 13:27:15', '2017-12-02 13:27:15'),
(84, 43, 1000.000, '2017-11-24 13:25:41', '2017-12-02 13:28:16', '2017-12-02 13:28:16'),
(85, 43, 500.000, '2017-11-24 13:25:41', '2017-12-02 13:28:27', '2017-12-02 13:28:27'),
(86, 46, 5000.000, '2017-11-30 13:25:41', '2017-12-02 13:28:53', '2017-12-02 13:28:53'),
(87, 29, 900.000, '2017-11-30 13:30:30', '2017-12-02 13:31:13', '2017-12-02 13:31:13'),
(88, 27, 4500.000, '2017-11-30 13:30:30', '2017-12-02 13:31:33', '2017-12-02 13:31:33'),
(89, 48, 2700.000, '2017-11-30 13:30:30', '2017-12-02 13:31:51', '2017-12-02 13:31:51'),
(90, 44, 2500.000, '2017-11-30 13:30:30', '2017-12-02 13:32:11', '2017-12-02 13:32:11'),
(91, 28, 1000.000, '2017-12-02 21:24:38', '2017-12-03 21:27:25', '2017-12-03 21:27:25'),
(92, 43, 1800.000, '2017-12-02 21:24:38', '2017-12-03 21:28:53', '2017-12-03 21:28:53'),
(93, 31, 2000.000, '2017-12-02 21:28:53', '2017-12-02 21:34:58', '2017-12-02 21:34:58'),
(94, 30, 9000.000, '2017-12-02 21:34:58', '2017-12-02 21:35:09', '2017-12-02 21:35:09'),
(95, 13, 4500.000, '2017-11-28 21:24:38', '2017-12-03 21:28:53', '2017-12-03 21:28:53'),
(96, 43, 900.000, '2017-12-02 23:51:15', '2017-12-02 23:51:41', '2017-12-02 23:51:41'),
(97, 21, 1200.000, '2017-12-02 23:51:41', '2017-12-02 23:53:15', '2017-12-02 23:53:15'),
(98, 3, 3900.000, '2017-12-02 23:53:39', '2017-12-02 23:54:34', '2017-12-02 23:54:34'),
(99, 26, 900.000, '2017-12-03 00:00:05', '2017-12-03 00:01:15', '2017-12-03 00:01:15'),
(100, 54, 500.000, '2017-12-03 00:02:55', '2017-12-03 00:03:11', '2017-12-03 00:03:11'),
(101, 40, 1100.000, '2017-11-29 15:52:49', '2017-12-05 15:55:30', '2017-12-05 15:55:30'),
(102, 36, 1000.000, '2017-12-07 00:00:05', '2017-12-07 00:01:15', '2017-12-07 00:01:15'),
(103, 21, 3450.000, '2017-12-09 12:59:02', '2017-12-09 11:59:02', '2017-12-09 11:59:02'),
(104, 50, 900.000, '2017-12-09 12:59:02', '2017-12-09 11:59:02', '2017-12-09 11:59:02'),
(105, 49, 2700.000, '2017-12-09 12:59:02', '2017-12-09 11:59:02', '2017-12-09 11:59:02'),
(106, 23, 3000.000, '2017-11-16 12:16:15', '2017-12-09 12:17:22', '2017-12-09 12:17:22'),
(107, 23, 475.000, '2017-11-16 12:17:22', '2017-12-09 12:18:17', '2017-12-09 12:18:17'),
(108, 54, 450.000, '2017-12-04 12:17:22', '2017-12-09 12:18:48', '2017-12-09 12:18:48'),
(109, 43, 950.000, '2017-12-04 12:17:22', '2017-12-09 12:19:16', '2017-12-09 12:19:16'),
(110, 26, 900.000, '2017-12-04 12:17:22', '2017-12-09 12:22:01', '2017-12-09 12:22:01'),
(111, 46, 4500.000, '2017-12-06 12:22:01', '2017-12-09 12:22:35', '2017-12-09 12:22:35'),
(112, 52, 1000.000, '2017-12-06 12:17:22', '2017-12-09 12:26:51', '2017-12-09 12:26:51'),
(113, 44, 14150.000, '2017-12-07 12:26:51', '2017-12-09 12:27:34', '2017-12-09 12:27:34'),
(114, 44, 100.000, '2017-12-07 12:26:51', '2017-12-09 12:27:46', '2017-12-09 12:27:46'),
(115, 21, 6800.000, '2017-12-07 12:26:51', '2017-12-09 12:28:17', '2017-12-09 12:28:17'),
(116, 27, 5000.000, '2017-12-07 12:26:51', '2017-12-09 12:28:35', '2017-12-09 12:28:35'),
(117, 13, 4500.000, '2017-12-07 12:26:51', '2017-12-09 12:28:51', '2017-12-09 12:28:51'),
(118, 48, 1800.000, '2017-12-07 12:26:51', '2017-12-09 12:29:11', '2017-12-09 12:29:11'),
(119, 31, 2500.000, '2017-12-07 12:26:51', '2017-12-09 12:29:34', '2017-12-09 12:29:34'),
(120, 43, 900.000, '2017-12-07 12:26:51', '2017-12-09 12:29:56', '2017-12-09 12:29:56'),
(121, 46, 3000.000, '2017-12-08 12:29:56', '2017-12-09 12:30:44', '2017-12-09 12:30:44'),
(122, 50, 900.000, '2017-12-09 12:30:44', '2017-12-09 12:31:20', '2017-12-09 12:31:20'),
(123, 23, 1500.000, '2017-12-09 12:31:20', '2017-12-09 12:31:39', '2017-12-09 12:31:39'),
(124, 43, 900.000, '2017-12-09 18:23:40', '2017-12-09 18:24:17', '2017-12-09 18:24:17'),
(125, 29, 900.000, '2017-12-09 18:24:17', '2017-12-09 18:24:38', '2017-12-09 18:24:38'),
(126, 31, 3400.000, '2017-12-09 18:24:38', '2017-12-09 18:25:08', '2017-12-09 18:25:08'),
(127, 43, 900.000, '2017-12-09 18:25:53', '2017-12-09 18:26:07', '2017-12-09 18:26:07'),
(128, 47, 1000.000, '2017-12-09 18:26:26', '2017-12-09 18:27:08', '2017-12-09 18:27:08'),
(129, 1, 850.000, '2017-12-09 18:27:28', '2017-12-09 18:28:25', '2017-12-09 18:28:25'),
(130, 3, 3400.000, '2017-12-09 18:30:32', '2017-12-09 18:31:58', '2017-12-09 18:31:58'),
(131, 43, 900.000, '2017-12-09 18:31:58', '2017-12-09 18:32:20', '2017-12-10 18:32:20'),
(132, 43, 450.000, '2017-12-09 18:32:20', '2017-12-09 18:32:39', '2017-12-10 18:32:39'),
(133, 26, 900.000, '2017-12-09 18:34:40', '2017-12-09 18:35:05', '2017-12-10 18:35:05'),
(134, 43, 900.000, '2017-12-09 18:35:05', '2017-12-09 18:35:14', '2017-12-10 18:35:14'),
(135, 36, 1000.000, '2017-12-14 11:55:33', '2017-12-14 10:55:33', '2017-12-14 10:55:33'),
(136, 42, 8000.000, '2017-12-11 00:08:25', '2018-01-01 00:13:12', '2018-01-01 00:13:12'),
(137, 2, 2000.000, '2017-12-11 00:13:12', '2018-01-01 00:13:25', '2018-01-01 00:13:25'),
(138, 56, 850.000, '2017-12-11 00:08:25', '2018-01-01 00:16:32', '2018-01-01 00:16:32'),
(139, 56, 500.000, '2017-12-13 00:08:25', '2018-01-01 00:17:50', '2018-01-01 00:17:50'),
(140, 46, 7300.000, '2017-12-13 00:08:25', '2018-01-01 00:18:17', '2018-01-01 00:18:17'),
(141, 31, 2000.000, '2017-12-14 00:08:25', '2018-01-01 00:19:24', '2018-01-01 00:19:24'),
(142, 48, 1800.000, '2017-12-14 00:19:24', '2018-01-01 00:19:54', '2018-01-01 00:19:54'),
(143, 29, 900.000, '2017-12-14 00:19:24', '2018-01-01 00:20:12', '2018-01-01 00:20:12'),
(144, 13, 4500.000, '2017-12-14 00:19:24', '2018-01-01 00:20:24', '2018-01-01 00:20:24'),
(145, 21, 1800.000, '2017-12-14 00:19:24', '2018-01-01 00:21:11', '2018-01-01 00:21:11'),
(146, 43, 2850.000, '2017-12-17 00:19:24', '2018-01-01 00:22:15', '2018-01-01 00:22:15'),
(147, 43, 900.000, '2017-12-17 00:19:24', '2018-01-01 00:22:26', '2018-01-01 00:22:26'),
(148, 56, 100.000, '2017-12-17 00:19:24', '2018-01-01 00:22:44', '2018-01-01 00:22:44'),
(149, 43, 1525.000, '2017-12-18 00:22:44', '2018-01-01 00:23:59', '2018-01-01 00:23:59'),
(150, 43, 475.000, '2017-12-18 00:23:59', '2018-01-01 00:24:30', '2018-01-01 00:24:30'),
(151, 46, 4000.000, '2017-12-19 00:24:30', '2018-01-01 00:25:04', '2018-01-01 00:25:04'),
(152, 56, 2000.000, '2017-12-20 00:24:30', '2018-01-01 00:25:49', '2018-01-01 00:25:49'),
(153, 52, 1000.000, '2017-12-20 00:25:49', '2018-01-01 00:27:02', '2018-01-01 00:27:02'),
(154, 43, 475.000, '2017-12-20 00:25:49', '2018-01-01 00:36:47', '2018-01-01 00:36:47'),
(155, 43, 475.000, '2017-12-23 00:36:47', '2018-01-01 00:37:06', '2018-01-01 00:37:06'),
(156, 44, 16000.000, '2017-12-23 00:37:06', '2018-01-01 00:38:14', '2018-01-01 00:38:14'),
(157, 44, 21480.000, '2017-12-23 00:25:49', '2018-01-01 00:38:34', '2018-01-01 00:38:34'),
(158, 44, 2000.000, '2017-12-23 00:38:35', '2018-01-01 00:38:47', '2018-01-01 00:38:47'),
(159, 43, 950.000, '2017-12-23 08:04:05', '2017-12-23 08:04:34', '2017-12-23 08:04:34'),
(160, 58, 3000.000, '2017-12-23 08:05:57', '2017-12-23 08:06:31', '2017-12-23 08:06:31'),
(161, 43, 900.000, '2017-12-23 08:06:31', '2017-12-23 08:06:47', '2017-12-23 08:06:47'),
(162, -13, 950.000, '2017-12-23 08:06:47', '2017-12-23 08:07:06', '2017-12-23 08:07:06'),
(163, 31, 2500.000, '2017-12-23 08:07:07', '2017-12-23 08:08:09', '2017-12-23 08:08:09'),
(164, 43, 1900.000, '2017-12-23 08:09:42', '2017-12-23 08:10:11', '2017-12-23 08:10:11'),
(165, 43, 950.000, '2017-12-23 08:10:36', '2017-12-23 08:10:57', '2017-12-23 08:10:57'),
(166, 43, 950.000, '2017-12-24 08:12:40', '2017-12-23 08:12:52', '2017-12-23 08:12:52'),
(167, 43, 900.000, '2017-12-24 08:15:10', '2017-12-24 08:15:20', '2017-12-24 08:15:20'),
(168, 43, 950.000, '2017-12-24 08:15:20', '2017-12-24 08:15:38', '2017-12-24 08:15:38'),
(169, 43, 900.000, '2017-12-24 08:15:38', '2017-12-24 08:16:00', '2017-12-24 08:16:00'),
(170, -46, 950.000, '2017-12-24 08:16:00', '2017-12-24 08:16:27', '2017-12-24 08:16:27'),
(171, 53, 1800.000, '2017-12-24 08:16:27', '2017-12-24 08:16:54', '2017-12-24 08:16:54'),
(172, 43, 475.000, '2017-12-24 08:58:12', '2017-12-24 08:58:35', '2017-12-24 08:58:35'),
(173, 43, 900.000, '2017-12-24 08:58:35', '2017-12-24 08:59:23', '2017-12-24 08:59:23'),
(174, 50, 1800.000, '2017-12-24 08:59:23', '2017-12-24 08:59:42', '2017-12-24 08:59:42'),
(175, 43, 950.000, '2017-12-26 08:59:42', '2017-12-24 09:00:20', '2017-12-24 09:00:20'),
(176, 60, 900.000, '2017-12-28 10:45:32', '2017-12-24 10:45:56', '2017-12-24 10:45:56'),
(177, 44, 26220.000, '2017-12-28 10:48:12', '2017-12-28 10:48:26', '2017-12-28 10:48:26'),
(178, 58, 2700.000, '2017-12-28 10:48:26', '2017-12-28 10:49:04', '2017-12-28 10:49:04'),
(179, 13, 4750.000, '2017-12-28 10:49:05', '2017-12-28 10:52:00', '2017-12-28 10:52:00'),
(180, 31, 2000.000, '2017-12-28 10:52:00', '2017-12-28 10:52:25', '2017-12-28 10:52:25'),
(181, 29, 900.000, '2017-12-28 10:52:25', '2017-12-28 10:52:59', '2017-12-28 10:52:59'),
(182, 48, 1850.000, '2017-12-28 10:52:59', '2017-12-28 10:53:23', '2017-12-28 10:53:23'),
(183, 43, 1800.000, '2017-12-29 10:53:49', '2017-12-29 10:54:28', '2017-12-29 10:54:28'),
(184, 43, 450.000, '2017-12-29 10:54:41', '2017-12-29 10:55:49', '2017-12-29 10:55:49'),
(185, 42, 3000.000, '2017-12-29 10:56:18', '2017-12-29 10:57:34', '2017-12-29 10:57:34'),
(186, 2, 5000.000, '2017-12-29 10:57:35', '2017-12-29 10:58:17', '2017-12-29 10:58:17'),
(187, 43, 950.000, '2017-01-01 11:02:24', '2018-01-01 11:02:49', '2018-01-01 11:02:49'),
(188, 30, 4500.000, '2017-12-29 11:02:49', '2018-01-01 11:17:02', '2018-01-01 11:17:02'),
(189, -2, 3800.000, '2017-12-29 11:02:49', '2018-01-01 11:17:20', '2018-01-01 11:17:20'),
(190, 3, 4500.000, '2017-12-29 11:02:49', '2018-01-01 11:17:35', '2018-01-01 11:17:35'),
(191, 43, 475.000, '2017-12-29 11:17:35', '2018-01-01 11:23:00', '2018-01-01 11:23:00'),
(192, 60, 1500.000, '2018-01-01 11:23:01', '2018-01-01 11:24:34', '2018-01-01 11:24:34'),
(193, 43, 950.000, '2017-12-29 11:44:30', '2018-01-01 11:46:22', '2018-01-01 11:46:22'),
(194, 3, 2500.000, '2017-12-23 12:15:44', '2018-01-01 12:18:07', '2018-01-01 12:18:07'),
(195, 3, 300.000, '2017-12-23 12:18:07', '2018-01-01 12:18:29', '2018-01-01 12:18:29'),
(196, 56, 350.000, '2017-11-16 00:08:25', '2018-01-01 00:16:32', '2018-01-01 00:16:32'),
(197, 2, 2000.000, '2017-11-16 00:13:12', '2017-11-16 00:13:25', '2017-11-16 00:13:25'),
(198, 43, 5700.000, '2018-01-02 23:08:04', '2018-01-02 22:08:04', '2018-01-02 22:08:04'),
(199, 59, 6800.000, '2018-01-02 09:24:02', '2018-01-02 09:24:22', '2018-01-02 09:24:22'),
(200, 61, 950.000, '2018-01-02 09:25:20', '2018-01-02 09:25:56', '2018-01-02 09:25:56'),
(201, 46, 5000.000, '2018-01-02 09:25:56', '2018-01-02 09:26:15', '2018-01-02 09:26:15'),
(202, 44, 14750.000, '2018-01-02 09:26:15', '2018-01-02 09:26:30', '2018-01-02 09:26:30'),
(203, 43, 9500.000, '2018-01-04 10:06:44', '2018-01-04 10:08:03', '2018-01-04 10:08:03'),
(204, 56, 1000.000, '2018-01-04 10:11:25', '2018-01-04 10:13:19', '2018-01-04 10:13:19'),
(205, 50, 1500.000, '2018-01-04 10:13:19', '2018-01-04 10:14:01', '2018-01-04 10:14:01'),
(206, 44, 2930.000, '2018-01-06 10:19:59', '2018-01-06 10:20:17', '2018-01-06 10:20:17'),
(207, 30, 5400.000, '2018-01-06 13:59:56', '2018-01-06 14:00:50', '2018-01-06 14:00:50'),
(208, 13, 4750.000, '2018-01-06 14:00:50', '2018-01-06 14:01:26', '2018-01-06 14:01:26'),
(209, 43, 950.000, '2018-01-06 14:04:49', '2018-01-06 14:06:24', '2018-01-06 14:06:24'),
(210, 43, 950.000, '2018-01-06 14:04:49', '2018-01-06 14:06:33', '2018-01-06 14:06:33'),
(211, 65, 1000.000, '2018-01-06 14:14:08', '2018-01-06 14:17:04', '2018-01-06 14:17:04'),
(212, 3, 3000.000, '2018-01-06 14:18:04', '2018-01-06 14:18:26', '2018-01-06 14:18:26'),
(213, 1, 1900.000, '2018-01-06 14:18:26', '2018-01-06 14:19:35', '2018-01-06 14:19:35'),
(214, 60, 1500.000, '2018-01-07 14:23:23', '2018-01-06 14:25:12', '2018-01-06 14:25:12'),
(215, 26, 1000.000, '2018-01-07 18:28:38', '2018-01-07 18:29:18', '2018-01-07 18:29:18'),
(216, 50, 300.000, '2018-01-04 18:31:42', '2018-01-04 18:32:00', '2018-01-04 18:32:00'),
(217, 62, 950.000, '2018-01-04 18:32:00', '2018-01-04 18:32:19', '2018-01-04 18:32:19'),
(218, 56, 1000.000, '2018-01-05 18:32:45', '2018-01-05 18:33:05', '2018-01-05 18:33:05'),
(219, 43, 900.000, '2018-01-05 18:33:05', '2018-01-05 18:33:20', '2018-01-05 18:33:20'),
(220, 60, 900.000, '2018-01-05 18:33:20', '2018-01-05 18:33:36', '2018-01-05 18:33:36'),
(221, 43, 900.000, '2018-01-05 18:33:36', '2018-01-05 18:33:43', '2018-01-05 18:33:43'),
(222, 48, 1000.000, '2018-01-04 23:08:04', '2018-01-04 22:08:04', '2018-01-04 22:08:04'),
(223, 43, 450.000, '2018-01-06 21:09:03', '2018-01-07 21:09:52', '2018-01-07 21:09:52'),
(224, 63, 8500.000, '2018-01-08 17:48:45', '2018-01-08 17:52:14', '2018-01-08 17:52:14'),
(225, 64, 9300.000, '2018-01-09 17:56:30', '2018-01-09 17:56:47', '2018-01-09 17:56:47'),
(226, 30, 3600.000, '2018-01-09 17:56:47', '2018-01-09 17:57:08', '2018-01-09 17:57:08'),
(227, 31, 4500.000, '2018-01-09 17:57:08', '2018-01-09 17:57:25', '2018-01-09 17:57:25'),
(228, 48, 3000.000, '2018-01-09 17:57:25', '2018-01-09 17:57:36', '2018-01-09 17:57:36'),
(229, 4, 450.000, '2018-01-09 17:57:36', '2018-01-09 17:58:17', '2018-01-09 17:58:17'),
(230, 29, 900.000, '2018-01-09 17:58:18', '2018-01-09 17:58:36', '2018-01-09 17:58:36'),
(231, 62, 1000.000, '2018-01-09 18:01:46', '2018-01-09 18:03:07', '2018-01-09 18:03:07'),
(232, 52, 1000.000, '2018-01-09 18:03:07', '2018-01-09 18:03:35', '2018-01-09 18:03:35'),
(233, 43, 900.000, '2018-01-08 18:03:35', '2018-01-14 18:18:22', '2018-01-14 18:18:22'),
(234, 43, 900.000, '2018-01-08 18:03:35', '2018-01-14 18:19:05', '2018-01-14 18:19:05'),
(235, 43, 475.000, '2018-01-08 18:03:35', '2018-01-14 18:19:31', '2018-01-14 18:19:31'),
(236, 50, 1000.000, '2018-01-09 18:19:31', '2018-01-09 18:20:49', '2018-01-09 18:20:49'),
(237, 46, 4000.000, '2018-01-09 18:20:49', '2018-01-09 18:21:10', '2018-01-09 18:21:10'),
(238, 43, 900.000, '2018-01-09 18:21:10', '2018-01-09 18:21:25', '2018-01-09 18:21:25'),
(239, 44, 15300.000, '2018-01-09 18:21:25', '2018-01-09 18:21:50', '2018-01-09 18:21:50'),
(240, 27, 9000.000, '2018-01-09 18:21:50', '2018-01-09 18:22:26', '2018-01-09 18:22:26'),
(241, 2, 5000.000, '2018-01-09 18:22:26', '2018-01-09 18:22:33', '2018-01-09 18:22:33'),
(242, 42, 3000.000, '2018-01-09 18:22:33', '2018-01-09 18:22:42', '2018-01-09 18:22:42'),
(243, 59, 5100.000, '2018-01-09 18:22:42', '2018-01-09 18:22:50', '2018-01-09 18:22:50'),
(244, 43, 1800.000, '2018-01-09 18:22:50', '2018-01-09 18:23:08', '2018-01-09 18:23:08'),
(245, 50, 800.000, '2018-01-13 18:25:17', '2018-01-13 18:25:33', '2018-01-13 18:25:33'),
(246, 43, 900.000, '2018-01-13 18:25:33', '2018-01-13 18:25:57', '2018-01-13 18:25:57'),
(247, 65, 1400.000, '2018-01-13 18:26:42', '2018-01-13 18:27:11', '2018-01-13 18:27:11'),
(248, 13, 4750.000, '2018-01-13 18:27:11', '2018-01-13 18:27:25', '2018-01-13 18:27:25'),
(249, 30, 3600.000, '2018-01-13 18:27:39', '2018-01-13 18:27:56', '2018-01-13 18:27:56'),
(250, 31, 4500.000, '2018-01-13 18:27:56', '2018-01-13 18:28:08', '2018-01-13 18:28:08'),
(251, 43, 950.000, '2018-01-13 18:28:08', '2018-01-13 18:28:24', '2018-01-13 18:28:24'),
(252, 43, 950.000, '2018-01-13 18:28:35', '2018-01-13 18:28:48', '2018-01-13 18:28:48'),
(253, 1, 950.000, '2018-01-13 18:28:48', '2018-01-13 18:29:17', '2018-01-13 18:29:17'),
(254, 3, 4000.000, '2018-01-13 18:30:08', '2018-01-13 18:30:47', '2018-01-13 18:30:47'),
(255, 43, 950.000, '2018-01-14 18:37:49', '2018-01-14 18:37:57', '2018-01-14 18:37:57'),
(256, 60, 900.000, '2018-01-14 18:37:57', '2018-01-14 18:38:09', '2018-01-14 18:38:09'),
(257, 43, 1900.000, '2018-01-14 18:38:09', '2018-01-14 18:38:31', '2018-01-14 18:38:31'),
(258, 43, 900.000, '2018-01-14 18:38:31', '2018-01-14 18:38:39', '2018-01-14 18:38:39'),
(259, 44, 5140.000, '2018-01-14 18:39:08', '2018-01-14 18:39:28', '2018-01-14 18:39:28'),
(260, 43, 950.000, '2018-01-14 18:39:28', '2018-01-14 18:40:49', '2018-01-14 18:40:49'),
(261, 67, 1000.000, '2018-01-16 18:17:32', '2018-01-16 18:18:11', '2018-01-16 18:18:11'),
(262, 26, 900.000, '2018-01-14 21:20:03', '2018-01-16 21:20:57', '2018-01-16 21:20:57'),
(263, 60, 2000.000, '2018-01-15 21:20:57', '2018-01-16 21:21:25', '2018-01-16 21:21:25'),
(264, 43, 900.000, '2018-01-16 21:21:25', '2018-01-16 21:21:44', '2018-01-16 21:21:44'),
(265, 56, 1000.000, '2018-01-16 21:21:44', '2018-01-16 21:22:18', '2018-01-16 21:22:18'),
(266, 50, 1200.000, '2018-01-16 21:22:18', '2018-01-16 21:22:26', '2018-01-16 21:22:26'),
(267, 48, 2000.000, '2018-01-16 21:22:26', '2018-01-16 21:22:52', '2018-01-16 21:22:52'),
(268, 64, 4000.000, '2018-01-16 21:22:52', '2018-01-16 21:23:15', '2018-01-16 21:23:15'),
(269, 52, 1000.000, '2018-01-17 21:23:15', '2018-01-16 21:24:01', '2018-01-16 21:24:01'),
(270, 44, 15530.000, '2018-01-17 21:24:01', '2018-01-16 21:24:47', '2018-01-16 21:24:47'),
(271, 46, 5000.000, '2018-01-17 21:25:37', '2018-01-17 21:25:57', '2018-01-17 21:25:57'),
(272, 59, 3400.000, '2018-01-17 21:25:57', '2018-01-17 21:26:10', '2018-01-17 21:26:10'),
(273, 43, 450.000, '2018-01-18 21:26:10', '2018-01-17 21:26:39', '2018-01-17 21:26:39'),
(274, 27, 9900.000, '2018-01-18 21:26:46', '2018-01-18 21:28:10', '2018-01-18 21:28:10'),
(275, 60, 1500.000, '2018-01-18 21:28:10', '2018-01-18 21:28:28', '2018-01-18 21:28:28'),
(276, 44, 6000.000, '2018-01-19 21:28:37', '2018-01-19 21:28:46', '2018-01-19 21:28:46'),
(277, 64, 5300.000, '2018-01-19 21:28:46', '2018-01-19 21:29:02', '2018-01-19 21:29:02'),
(278, 2, 3000.000, '2018-01-19 21:29:02', '2018-01-19 21:29:12', '2018-01-19 21:29:12'),
(279, 42, 3000.000, '2018-01-19 21:29:12', '2018-01-19 21:29:20', '2018-01-19 21:29:20'),
(280, 51, 950.000, '2018-01-19 21:29:20', '2018-01-19 21:29:34', '2018-01-19 21:29:34'),
(281, 65, 500.000, '2018-01-19 21:29:34', '2018-01-19 21:30:33', '2018-01-19 21:30:33'),
(282, 62, 1000.000, '2018-01-19 21:30:33', '2018-01-19 21:31:15', '2018-01-19 21:31:15'),
(283, 43, 950.000, '2018-01-19 21:31:15', '2018-01-19 21:31:25', '2018-01-19 21:31:25'),
(284, 29, 900.000, '2018-01-20 21:35:37', '2018-01-20 21:36:02', '2018-01-20 21:36:02'),
(285, 30, 5000.000, '2018-01-20 21:36:02', '2018-01-20 21:36:23', '2018-01-20 21:36:23'),
(286, 31, 2700.000, '2018-01-20 21:36:23', '2018-01-20 21:36:33', '2018-01-20 21:36:33'),
(287, 13, 4750.000, '2018-01-20 21:37:30', '2018-01-20 21:37:46', '2018-01-20 21:37:46'),
(288, 3, 4250.000, '2018-01-20 21:39:18', '2018-01-20 21:40:29', '2018-01-20 21:40:29'),
(289, 43, 900.000, '2018-01-20 21:40:29', '2018-01-20 21:40:39', '2018-01-20 21:40:39'),
(290, 43, 950.000, '2018-01-20 21:40:39', '2018-01-20 21:40:49', '2018-01-20 21:40:49'),
(291, 66, 950.000, '2018-01-20 21:40:49', '2018-01-20 21:41:50', '2018-01-20 21:41:50'),
(292, 65, 700.000, '2018-01-20 21:41:51', '2018-01-20 21:42:34', '2018-01-20 21:42:34'),
(293, 1, 3350.000, '2018-01-20 21:42:34', '2018-01-20 21:46:42', '2018-01-20 21:46:42'),
(294, 12, 3000.000, '2018-01-20 21:47:01', '2018-01-20 21:47:38', '2018-01-20 21:47:38'),
(295, 43, 900.000, '2018-01-21 21:49:10', '2018-01-21 21:49:20', '2018-01-21 21:49:20'),
(296, 43, 950.000, '2018-01-21 21:49:42', '2018-01-21 21:50:20', '2018-01-21 21:50:20'),
(297, 43, 400.000, '2018-01-21 21:50:20', '2018-01-21 21:50:55', '2018-01-21 21:50:55'),
(298, 43, 900.000, '2018-01-21 21:53:27', '2018-01-21 21:53:41', '2018-01-21 21:53:41'),
(299, 32, 10000.000, '2018-01-19 21:53:27', '2018-01-19 21:53:41', '2018-01-19 21:53:41'),
(300, 67, 1000.000, '2018-01-23 18:03:10', '2018-01-23 18:03:51', '2018-01-23 18:03:51'),
(301, 34, 1000.000, '2018-01-31 14:31:27', '2018-01-31 14:31:35', '2018-01-31 14:31:35'),
(302, 43, 900.000, '2018-01-22 10:13:41', '2018-01-22 10:14:20', '2018-01-22 10:14:20'),
(303, 44, 14200.000, '2018-01-22 10:15:59', '2018-01-22 10:16:16', '2018-01-22 10:16:16'),
(304, 48, 2000.000, '2018-01-23 10:16:16', '2018-01-22 10:16:34', '2018-01-22 10:16:34'),
(305, 29, 900.000, '2018-01-23 10:16:34', '2018-01-22 10:16:54', '2018-01-22 10:16:54'),
(306, 64, 5000.000, '2018-01-23 10:16:54', '2018-01-22 10:17:17', '2018-01-22 10:17:17'),
(307, 30, 4000.000, '2018-01-23 10:17:26', '2018-01-23 10:19:03', '2018-01-23 10:19:03'),
(308, 43, 450.000, '2018-01-18 10:19:51', '2018-01-18 10:20:08', '2018-01-18 10:20:08'),
(309, 43, 900.000, '2018-01-18 10:20:08', '2018-01-18 10:20:17', '2018-01-18 10:20:17'),
(310, 43, 950.000, '2018-01-18 10:20:17', '2018-01-18 10:20:25', '2018-01-18 10:20:25'),
(311, 46, 3000.000, '2018-01-24 10:20:25', '2018-01-18 10:23:26', '2018-01-18 10:23:26'),
(312, 43, 900.000, '2018-01-24 10:24:28', '2018-01-24 10:25:14', '2018-01-24 10:25:14'),
(313, 59, 1800.000, '2018-01-24 10:25:14', '2018-01-24 10:25:32', '2018-01-24 10:25:32'),
(314, 44, 1500.000, '2018-01-24 10:25:32', '2018-01-24 10:27:08', '2018-01-24 10:27:08'),
(315, 65, 950.000, '2018-01-24 10:27:30', '2018-01-24 10:28:57', '2018-01-24 10:28:57'),
(316, 27, 7500.000, '2018-01-24 10:28:57', '2018-01-24 10:29:39', '2018-01-24 10:29:39'),
(317, 64, 4200.000, '2018-01-24 10:29:40', '2018-01-24 10:29:56', '2018-01-24 10:29:56'),
(318, 43, 900.000, '2018-01-24 10:29:56', '2018-01-24 10:30:14', '2018-01-24 10:30:14'),
(319, 43, 475.000, '2018-01-24 10:30:15', '2018-01-24 10:30:36', '2018-01-24 10:30:36'),
(320, 23, 475.000, '2018-01-27 10:30:36', '2018-01-24 10:31:21', '2018-01-24 10:31:21'),
(321, 43, 950.000, '2018-01-28 10:37:23', '2018-01-28 10:37:35', '2018-01-28 10:37:35'),
(322, 3, 4000.000, '2018-01-28 10:37:35', '2018-01-28 10:38:04', '2018-01-28 10:38:04'),
(323, 1, 2450.000, '2018-01-28 10:38:04', '2018-01-28 10:38:28', '2018-01-28 10:38:28'),
(324, 2, 2000.000, '2018-01-26 10:38:41', '2018-01-28 10:41:04', '2018-01-28 10:41:04'),
(325, 13, 4700.000, '2018-01-28 10:41:21', '2018-01-28 10:41:36', '2018-01-28 10:41:36'),
(328, 60, 1700.000, '2018-01-29 10:48:00', '2018-01-29 10:48:18', '2018-01-29 10:48:18'),
(329, 26, 900.000, '2018-01-29 10:49:02', '2018-01-29 10:49:14', '2018-01-29 10:49:14'),
(330, 29, 800.000, '2018-01-31 10:50:56', '2018-01-31 10:51:11', '2018-01-31 10:51:11'),
(331, 48, 2000.000, '2018-01-31 10:51:11', '2018-01-31 10:51:30', '2018-01-31 10:51:30'),
(332, 31, 3600.000, '2018-01-31 10:51:30', '2018-01-31 10:51:47', '2018-01-31 10:51:47'),
(333, 27, 10000.000, '2018-02-03 13:03:32', '2018-02-03 13:03:53', '2018-02-03 13:03:53'),
(334, 65, 950.000, '2018-02-03 13:03:53', '2018-02-03 13:04:25', '2018-02-03 13:04:25'),
(335, 1, 2400.000, '2018-02-03 13:04:25', '2018-02-03 13:07:25', '2018-02-03 13:07:25'),
(336, 12, 4500.000, '2018-02-03 13:07:33', '2018-02-03 13:07:53', '2018-02-03 13:07:53'),
(337, 3, 2000.000, '2018-02-03 13:07:53', '2018-02-03 13:08:24', '2018-02-03 13:08:24'),
(338, 13, 4800.000, '2018-02-03 13:08:54', '2018-02-03 13:09:13', '2018-02-03 13:09:13'),
(339, 69, 2200.000, '2018-02-06 13:56:17', '2018-02-06 13:56:25', '2018-02-06 13:56:25'),
(340, 37, 10000.000, '2018-02-06 17:31:51', '2018-02-06 17:32:06', '2018-02-06 17:32:06'),
(341, 71, 1100.000, '2018-01-23 17:37:50', '2018-02-06 17:38:28', '2018-02-06 17:38:28'),
(342, 55, 2000.000, '2018-02-07 09:32:09', '2018-02-07 09:32:44', '2018-02-07 09:32:44'),
(343, 36, 4000.000, '2018-02-07 09:32:45', '2018-02-07 09:36:14', '2018-02-07 09:36:14'),
(344, 67, 3300.000, '2018-02-07 09:36:14', '2018-02-07 09:36:55', '2018-02-07 09:36:55'),
(345, 33, 2200.000, '2018-02-07 09:36:55', '2018-02-07 09:37:21', '2018-02-07 09:37:21'),
(346, 46, 5000.000, '2018-02-04 18:27:27', '2018-02-04 18:32:47', '2018-02-04 18:32:47'),
(347, 56, 1000.000, '2018-01-30 18:32:47', '2018-02-04 18:34:03', '2018-02-04 18:34:03'),
(348, 43, 900.000, '2018-01-31 18:34:04', '2018-02-04 18:34:22', '2018-02-04 18:34:22'),
(349, 56, 3600.000, '2018-01-31 18:35:13', '2018-01-31 18:36:16', '2018-01-31 18:36:16'),
(350, 60, 900.000, '2018-02-01 18:36:38', '2018-02-01 18:36:58', '2018-02-01 18:36:58'),
(351, 43, 900.000, '2018-02-01 18:36:58', '2018-02-01 18:37:04', '2018-02-01 18:37:04'),
(352, 43, 900.000, '2018-02-02 18:37:28', '2018-02-02 18:37:47', '2018-02-02 18:37:47'),
(353, 43, 900.000, '2018-02-03 18:39:01', '2018-02-03 18:39:25', '2018-02-03 18:39:25'),
(354, 50, 900.000, '2018-02-03 18:45:54', '2018-02-03 18:46:13', '2018-02-03 18:46:13'),
(355, 59, 400.000, '2018-02-03 18:46:13', '2018-02-03 18:46:24', '2018-02-03 18:46:24'),
(356, 43, 900.000, '2018-02-04 18:48:05', '2018-02-04 18:48:26', '2018-02-04 18:48:26'),
(357, 43, 900.000, '2018-02-04 18:48:26', '2018-02-04 18:48:30', '2018-02-04 18:48:30'),
(358, 43, 900.000, '2018-02-04 18:49:20', '2018-02-04 18:49:35', '2018-02-04 18:49:35'),
(359, 23, 475.000, '2018-02-04 18:49:35', '2018-02-04 18:50:01', '2018-02-04 18:50:01'),
(360, 62, 150.000, '2018-02-09 18:50:01', '2018-02-09 19:01:26', '2018-02-09 19:01:26'),
(361, 43, 450.000, '2018-02-10 19:06:36', '2018-02-10 19:06:59', '2018-02-10 19:06:59'),
(362, 64, 9000.000, '2018-02-10 19:07:15', '2018-02-10 19:07:43', '2018-02-10 19:07:43'),
(363, 43, 2850.000, '2018-02-10 19:08:15', '2018-02-10 19:08:35', '2018-02-10 19:08:35'),
(364, 65, 1000.000, '2018-02-10 19:11:28', '2018-02-10 19:12:04', '2018-02-10 19:12:04'),
(365, 27, 9500.000, '2018-02-10 19:12:04', '2018-02-10 19:12:22', '2018-02-10 19:12:22'),
(366, 13, 4750.000, '2018-02-10 19:12:22', '2018-02-10 19:12:44', '2018-02-10 19:12:44'),
(367, 30, 17000.000, '2018-02-10 19:12:58', '2018-02-10 19:13:27', '2018-02-10 19:13:27'),
(368, 31, 4500.000, '2018-02-10 19:13:27', '2018-02-10 19:13:37', '2018-02-10 19:13:37'),
(369, 43, 950.000, '2018-02-10 19:13:57', '2018-02-10 19:14:14', '2018-02-10 19:14:14'),
(370, 1, 4000.000, '2018-02-10 19:14:14', '2018-02-10 19:14:59', '2018-02-10 19:14:59'),
(371, 12, 4500.000, '2018-02-10 19:16:24', '2018-02-10 19:16:40', '2018-02-10 19:16:40'),
(372, 43, 1900.000, '2018-02-10 19:16:41', '2018-02-10 19:16:56', '2018-02-10 19:16:56'),
(373, 3, 2000.000, '2018-02-10 19:16:56', '2018-02-10 19:17:16', '2018-02-10 19:17:16'),
(374, 43, 850.000, '2018-02-10 19:17:16', '2018-02-10 19:17:42', '2018-02-10 19:17:42'),
(375, 12, 3300.000, '2018-01-27 19:17:42', '2018-02-10 19:18:19', '2018-02-10 19:18:19'),
(376, 56, 1000.000, '2018-02-11 19:18:34', '2018-02-11 19:18:46', '2018-02-11 19:18:46'),
(377, 59, 900.000, '2018-02-11 19:18:46', '2018-02-11 19:19:00', '2018-02-11 19:19:00'),
(378, 46, 4500.000, '2018-02-11 19:19:00', '2018-02-11 19:19:12', '2018-02-11 19:19:12'),
(379, 44, 14590.000, '2018-02-03 19:44:27', '2018-02-11 19:45:01', '2018-02-11 19:45:01'),
(380, 64, 9000.000, '2018-02-03 20:14:22', '2018-02-11 20:19:05', '2018-02-11 20:19:05'),
(381, 64, -100.000, '2018-02-11 20:19:05', '2018-02-11 20:19:16', '2018-02-11 20:19:16'),
(382, 59, 5000.000, '2018-01-31 20:19:16', '2018-02-11 20:20:08', '2018-02-11 20:20:08'),
(383, 59, 2700.000, '2018-02-07 20:20:08', '2018-02-11 20:20:28', '2018-02-11 20:20:28'),
(384, 39, 2200.000, '2018-02-12 13:10:22', '2018-02-12 13:10:31', '2018-02-12 13:10:31'),
(385, 67, 2200.000, '2018-02-12 16:54:22', '2018-02-12 16:55:11', '2018-02-12 16:55:11'),
(386, 62, 950.000, '2018-02-10 17:43:15', '2018-02-10 17:44:06', '2018-02-10 17:44:06'),
(387, 59, 1300.000, '2018-02-14 17:46:38', '2018-02-14 17:48:00', '2018-02-14 17:48:00'),
(388, 64, 6000.000, '2018-02-13 17:48:26', '2018-02-13 17:49:17', '2018-02-13 17:49:17'),
(389, 72, 2850.000, '2018-02-13 17:49:18', '2018-02-13 17:50:10', '2018-02-13 17:50:10'),
(390, 29, 1000.000, '2018-02-13 17:49:42', '2018-02-13 17:50:38', '2018-02-13 17:50:38'),
(391, 30, 5500.000, '2018-02-13 17:50:12', '2018-02-13 17:51:02', '2018-02-13 17:51:02'),
(392, 48, 1000.000, '2018-02-13 17:50:40', '2018-02-13 17:51:21', '2018-02-13 17:51:21'),
(393, 44, 29080.000, '2018-02-13 17:51:04', '2018-02-13 17:55:52', '2018-02-13 17:55:52'),
(394, 68, 1000.000, '2018-02-13 17:55:52', '2018-02-13 17:56:36', '2018-02-13 17:56:36'),
(395, 66, 950.000, '2018-02-13 17:51:22', '2018-02-13 17:56:59', '2018-02-13 17:56:59'),
(396, 26, 900.000, '2018-02-16 18:09:49', '2018-02-16 18:10:01', '2018-02-16 18:10:01'),
(397, 59, 500.000, '2018-02-16 18:10:01', '2018-02-16 18:10:11', '2018-02-16 18:10:11'),
(398, 49, 4500.000, '2018-02-16 18:10:11', '2018-02-16 18:11:13', '2018-02-16 18:11:13'),
(399, 56, 700.000, '2018-02-16 18:11:13', '2018-02-16 18:11:27', '2018-02-16 18:11:27'),
(400, 50, 1800.000, '2018-02-16 18:11:52', '2018-02-16 18:12:16', '2018-02-16 18:12:16'),
(401, 31, 4500.000, '2018-02-17 18:12:16', '2018-02-16 18:13:00', '2018-02-16 18:13:00'),
(402, 48, 1000.000, '2018-02-17 18:13:48', '2018-02-17 18:16:23', '2018-02-17 18:16:23'),
(403, 13, 4750.000, '2018-02-17 18:16:23', '2018-02-17 18:16:39', '2018-02-17 18:16:39'),
(404, 3, 2000.000, '2018-02-17 18:16:39', '2018-02-17 18:17:07', '2018-02-17 18:17:07'),
(405, 1, 3800.000, '2018-02-17 18:17:07', '2018-02-17 18:21:46', '2018-02-17 18:21:46'),
(406, 64, 2900.000, '2018-02-17 18:21:55', '2018-02-17 18:22:43', '2018-02-17 18:22:43'),
(407, 12, 4500.000, '2018-02-17 18:22:43', '2018-02-17 18:22:59', '2018-02-17 18:22:59'),
(408, 65, 1200.000, '2018-02-17 18:24:57', '2018-02-17 18:26:17', '2018-02-17 18:26:17'),
(409, 27, 9500.000, '2018-02-17 18:26:17', '2018-02-17 18:26:34', '2018-02-17 18:26:34'),
(410, 43, 4750.000, '2018-02-17 18:26:34', '2018-02-17 18:28:29', '2018-02-17 18:28:29'),
(411, 43, 950.000, '2018-02-17 18:28:29', '2018-02-17 18:28:44', '2018-02-17 18:28:44'),
(412, 43, 950.000, '2018-02-17 18:28:45', '2018-02-17 18:28:53', '2018-02-17 18:28:53'),
(413, 33, 1100.000, '2018-02-20 08:54:10', '2018-02-20 08:54:36', '2018-02-20 08:54:36'),
(414, 73, 1100.000, '2018-02-20 09:30:54', '2018-02-20 09:31:04', '2018-02-20 09:31:04'),
(415, 60, 2000.000, '2018-02-20 16:39:33', '2018-02-20 16:40:05', '2018-02-20 16:40:05'),
(416, 48, 1500.000, '2018-02-20 16:40:05', '2018-02-20 16:41:33', '2018-02-20 16:41:33'),
(417, 64, 10300.000, '2018-02-20 16:41:34', '2018-02-20 16:42:06', '2018-02-20 16:42:06'),
(418, 72, 5700.000, '2018-02-20 16:42:19', '2018-02-20 16:43:40', '2018-02-20 16:43:40'),
(419, 27, 4000.000, '2018-02-20 16:43:40', '2018-02-20 16:44:03', '2018-02-20 16:44:03'),
(420, 43, 450.000, '2018-02-20 16:44:03', '2018-02-20 16:45:17', '2018-02-20 16:45:17'),
(421, 44, 28760.000, '2018-02-20 16:45:18', '2018-02-20 16:45:36', '2018-02-20 16:45:36'),
(422, 59, 2700.000, '2018-02-21 16:45:52', '2018-02-21 16:46:16', '2018-02-21 16:46:16'),
(423, 42, 3000.000, '2018-02-21 16:46:17', '2018-02-21 16:46:36', '2018-02-21 16:46:36'),
(424, 2, 3000.000, '2018-02-21 16:46:37', '2018-02-21 16:46:48', '2018-02-21 16:46:48'),
(425, 50, 600.000, '2018-02-22 16:47:26', '2018-02-22 16:47:46', '2018-02-22 16:47:46'),
(426, 49, 4500.000, '2018-02-22 16:47:46', '2018-02-22 16:48:05', '2018-02-22 16:48:05'),
(427, 23, 475.000, '2018-02-23 16:48:33', '2018-02-23 16:48:43', '2018-02-23 16:48:43'),
(428, 46, 3000.000, '2018-02-23 16:48:43', '2018-02-23 16:49:13', '2018-02-23 16:49:13'),
(429, 56, 1000.000, '2018-02-23 16:49:31', '2018-02-23 16:49:44', '2018-02-23 16:49:44'),
(430, 56, 800.000, '2018-02-24 16:49:55', '2018-02-24 16:50:21', '2018-02-24 16:50:21'),
(431, 61, 900.000, '2018-02-18 17:08:54', '2018-02-24 17:10:28', '2018-02-24 17:10:28'),
(432, 43, 13500.000, '2018-02-24 17:21:24', '2018-02-24 17:22:14', '2018-02-24 17:22:14'),
(433, 27, 9000.000, '2018-02-24 17:22:14', '2018-02-24 17:25:48', '2018-02-24 17:25:48'),
(434, 65, 900.000, '2018-02-24 17:25:48', '2018-02-24 17:26:14', '2018-02-24 17:26:14'),
(435, 43, 950.000, '2018-02-24 17:26:14', '2018-02-24 17:26:37', '2018-02-24 17:26:37'),
(436, 50, 1000.000, '2018-02-24 17:26:37', '2018-02-24 17:26:56', '2018-02-24 17:26:56'),
(437, 13, 4750.000, '2018-02-24 17:26:56', '2018-02-24 17:27:18', '2018-02-24 17:27:18'),
(438, 1, 2430.000, '2018-02-24 17:28:15', '2018-02-24 17:28:49', '2018-02-24 17:28:49'),
(439, 3, 2500.000, '2018-02-24 17:29:50', '2018-02-24 17:30:08', '2018-02-24 17:30:08'),
(440, 2, 1050.000, '2018-02-24 18:49:41', '2018-02-24 18:49:50', '2018-02-24 18:49:50'),
(441, 37, 10000.000, '2018-02-26 10:12:24', '2018-02-28 10:13:03', '2018-02-28 10:13:03'),
(442, 34, 1100.000, '2018-02-28 10:13:34', '2018-02-28 10:13:46', '2018-02-28 10:13:46'),
(443, 69, 1000.000, '2018-02-22 13:56:17', '2018-02-22 13:56:25', '2018-02-22 13:56:25'),
(444, 74, 550.000, '2018-02-22 13:56:17', '2018-02-22 13:56:25', '2018-02-22 13:56:25'),
(445, 71, 1100.000, '2018-02-24 10:14:44', '2018-02-24 09:14:44', '2018-02-24 09:14:44'),
(446, 35, 1100.000, '0000-00-00 00:00:00', '0000-00-00 00:00:00', '0000-00-00 00:00:00'),
(447, 67, 2200.000, '2018-03-12 11:38:16', '2018-03-12 10:38:16', '2018-03-12 10:38:16'),
(448, 74, 1100.000, '2018-03-12 11:38:16', '2018-03-12 10:38:16', '2018-03-12 10:38:16'),
(449, 35, 1100.000, '2018-03-12 11:38:16', '2018-03-12 10:38:16', '2018-03-12 10:38:16'),
(450, 36, 4400.000, '2018-03-07 11:38:16', '2018-03-07 10:38:16', '2018-03-11 23:00:00'),
(451, 32, 12500.000, '2018-03-27 11:38:16', '2018-03-27 10:38:16', '2018-03-27 10:38:16'),
(452, 43, 1100.000, '2018-03-31 10:14:44', '2018-03-31 09:14:44', '2018-03-31 09:14:44'),
(453, 69, 2100.000, '2018-04-04 10:14:44', '2018-04-04 09:14:44', '2018-04-04 09:14:44'),
(454, 75, 1100.000, '2018-04-10 11:14:44', '2018-04-10 10:14:44', '2018-04-10 10:14:44'),
(455, 67, 3300.000, '2018-04-10 11:14:44', '2018-04-10 10:14:44', '2018-04-10 10:14:44'),
(456, 71, 1100.000, '2018-04-10 11:14:44', '2018-04-10 10:14:44', '2018-04-10 10:14:44'),
(457, 36, 7700.000, '2018-05-02 00:00:00', '2018-05-01 23:00:00', '2018-05-01 23:00:00'),
(458, 39, 4200.000, '2018-05-02 00:00:00', '2018-05-01 23:00:00', '2018-05-01 23:00:00'),
(459, 33, 2200.000, '2018-05-02 00:00:00', '2018-05-01 23:00:00', '2018-05-01 23:00:00'),
(460, 55, 1300.000, '2018-05-07 00:00:00', '2018-05-06 23:00:00', '2018-05-06 23:00:00'),
(461, 37, 16950.000, '2018-05-07 00:00:00', '2018-05-06 23:00:00', '2018-05-06 23:00:00'),
(462, 67, 1100.000, '2018-05-15 09:06:44', '2018-05-22 09:11:43', '2018-05-22 09:11:43'),
(463, 74, 500.000, '2018-05-17 09:13:06', '2018-05-22 09:14:24', '2018-05-22 09:14:24'),
(464, 67, 1100.000, '2018-05-10 09:16:15', '2018-05-22 09:17:17', '2018-05-22 09:17:17'),
(465, 35, 1100.000, '2018-05-14 09:17:17', '2018-05-22 09:49:06', '2018-05-22 09:49:06'),
(466, 36, 4400.000, '2018-05-25 10:25:14', '2018-05-30 10:25:42', '2018-05-30 10:25:42'),
(467, 74, 500.000, '2018-05-30 10:25:43', '2018-05-30 10:51:25', '2018-05-30 10:51:25'),
(468, 32, 10000.000, '2018-05-28 13:27:03', '2018-05-30 13:27:16', '2018-05-30 13:27:16'),
(469, 67, 3500.000, '2018-05-30 16:57:00', '2018-05-30 16:57:16', '2018-05-30 16:57:16'),
(470, 34, 2100.000, '2018-05-28 16:57:17', '2018-05-30 17:02:30', '2018-05-30 17:02:30'),
(471, 37, 2000.000, '2018-05-19 16:08:17', '2018-05-31 16:08:45', '2018-05-31 16:08:45'),
(472, 74, 1000.000, '2018-06-06 10:02:14', '2018-06-25 10:09:02', '2018-06-25 10:09:02'),
(473, 37, 3000.000, '2018-06-28 10:15:08', '2018-06-25 10:15:39', '2018-06-25 10:15:39'),
(474, 39, 1400.000, '2018-06-20 10:14:36', '2018-06-25 10:16:45', '2018-06-25 10:16:45'),
(475, 36, 4400.000, '2018-06-26 09:07:34', '2018-07-09 09:10:10', '2018-07-09 09:10:10'),
(476, 55, 1200.000, '2018-06-26 09:07:34', '2018-07-09 09:10:34', '2018-07-09 09:10:34'),
(477, 71, 1000.000, '2018-06-26 09:07:34', '2018-07-09 09:11:04', '2018-07-09 09:11:04'),
(478, 34, 1100.000, '2018-06-26 09:07:34', '2018-07-09 09:15:16', '2018-07-09 09:15:16'),
(479, 32, 6000.000, '2018-06-26 09:07:34', '2018-07-09 09:31:04', '2018-07-09 09:31:04'),
(480, 40, 1000.000, '2018-07-03 09:31:24', '2018-07-09 09:50:21', '2018-07-09 09:50:21'),
(481, 67, 2000.000, '2018-07-03 09:31:24', '2018-07-09 09:58:02', '2018-07-09 09:58:02'),
(482, 74, 750.000, '2018-07-03 09:31:24', '2018-07-09 09:58:21', '2018-07-09 09:58:21'),
(483, 67, 2000.000, '2018-07-16 18:07:25', '2018-07-17 18:07:50', '2018-07-17 18:07:50'),
(484, 33, 1000.000, '2018-07-20 09:33:59', '2018-07-20 09:34:21', '2018-07-20 09:34:21');

-- --------------------------------------------------------

--
-- Stand-in structure for view `cashsum_vw`
-- (See below for the actual view)
--
CREATE TABLE `cashsum_vw` (
`id` int(10) unsigned
,`customer_id` int(11)
,`customer_name` text
,`totalpaid` double(20,3)
);

-- --------------------------------------------------------

--
-- Stand-in structure for view `cash_vw`
-- (See below for the actual view)
--
CREATE TABLE `cash_vw` (
`id` int(10) unsigned
,`customer_id` int(11)
,`customer_name` text
,`paid` double(11,3)
,`cashdate` datetime
);

-- --------------------------------------------------------

--
-- Table structure for table `classroom`
--

CREATE TABLE `classroom` (
  `student_id` int(11) NOT NULL,
  `name` varchar(20) DEFAULT NULL,
  `gender` char(1) DEFAULT NULL,
  `physics_marks` int(11) DEFAULT NULL,
  `chemistry_mark` int(11) DEFAULT NULL,
  `mathematics_marks` int(11) DEFAULT NULL
) ENGINE=InnoDB DEFAULT CHARSET=latin1;

--
-- Dumping data for table `classroom`
--

INSERT INTO `classroom` (`student_id`, `name`, `gender`, `physics_marks`, `chemistry_mark`, `mathematics_marks`) VALUES
(1, 'Raji Mar', 'M', 70, 68, 90),
(2, 'Pom Will', 'F', 58, 77, 50),
(3, 'Jumay Bosket', 'M', 30, 98, 78);

-- --------------------------------------------------------

--
-- Table structure for table `configurations`
--

CREATE TABLE `configurations` (
  `id` int(11) NOT NULL,
  `name` varchar(254) NOT NULL,
  `description` text NOT NULL,
  `value` text NOT NULL
) ENGINE=InnoDB DEFAULT CHARSET=latin1;

-- --------------------------------------------------------

--
-- Table structure for table `customer`
--

CREATE TABLE `customer` (
  `id` int(11) NOT NULL,
  `Firstname` varchar(255) NOT NULL,
  `lastname` varchar(255) NOT NULL,
  `address` varchar(255) NOT NULL,
  `pending_balance` int(11) NOT NULL
) ENGINE=InnoDB DEFAULT CHARSET=latin1;

--
-- Dumping data for table `customer`
--

INSERT INTO `customer` (`id`, `Firstname`, `lastname`, `address`, `pending_balance`) VALUES
(1, '14 Iya', 'Rere', '', -200),
(2, '22 Iya', 'Rere', '', 3420),
(3, 'Opp', 'Mosque', '', 4750),
(4, 'Obi', 'wife', 'Aguda', 450),
(5, 'Biggie', '', 'Coker Compound', 0),
(6, 'Ebube', 'Mama', 'Coker Compound', 50),
(7, 'Fair', 'Lady', 'Toll Gate', 0),
(8, 'Damian', '', 'Odogbolu', 0),
(9, 'Near Mosque', 'Lady', '', 0),
(10, 'Fair', 'Lady Near', 'Toll Gate', 0),
(11, 'Great', 'Mum', '', 0),
(12, 'Shehu', 'Mallam', '', 0),
(13, 'Abdul', 'Mallam', '', 4750),
(14, 'Elo', 'Mama', '', 0),
(15, 'Nurse', 'Alafia', '', 0),
(16, 'Ukata', 'Bro Junior', '', 0),
(17, 'Anyi', 'Iya', '', 0),
(18, 'Baba', 'Junior', '', 0),
(19, 'Aliya', 'Iya', '', 500),
(20, 'Nana', 'Mama', '', 0),
(21, 'Sister', 'Rose', 'Shop', 3900),
(22, 'Sister', 'Rose Friend', 'Shop', 0),
(23, 'Sunny', 'Iya', '', 1900),
(24, 'Adunni', 'Iya', '', 1100),
(25, 'Adunni', 'Iya Near', '', 950),
(26, 'Asisa', 'Iya', '', 0),
(27, 'Woman at', 'Alagba Road', '', 4750),
(28, 'Alagba', 'Mallam', '', 5250),
(29, 'Mama', 'Shullamite', '', 100),
(30, 'Mama', 'Shullamite Fair', '', 0),
(31, 'Mama', 'Shullamite Black', 'Abu Street', 4500),
(32, 'Joseph', 'Ogiolu', 'Specs', 50),
(33, 'Vickie', 'Etim', 'Specs', 0),
(34, 'Jane', 'Omanife', 'Specs', -200),
(35, 'Moremi', 'Chinaka', 'Specs', 0),
(36, 'Mercy', 'Agada', 'Specs', -600),
(37, 'Shade', '', 'Specs', 0),
(38, 'Busola', '', 'Specs', 0),
(39, 'Helen', '', 'Specs', 0),
(40, 'Habbee', '', 'Specs', 0),
(41, 'Gbogoade', '', 'Specs', 0),
(42, 'Idowu', '', '', 0),
(43, 'Cash', '', '', 0),
(44, 'Shop', 'Mum', 'Round About Amukoko', 0),
(45, 'Ayo', 'Mama (Formal)', 'Ijewere Aguda', 0),
(46, 'Bakare', '', 'Meiran', 0),
(47, 'Ukata', 'House Neibough', '', 0),
(48, 'Shullamite', 'House Ruffia', '', 0),
(49, 'Ondo', 'mama', '', 0),
(50, 'Pepper', 'Iya', 'Meiran', 0),
(51, 'Paul', '', '', 0),
(52, 'Adamu', 'Neibour', 'Meiran', 0),
(53, 'Yam', 'Iya', 'Meiran', 0),
(54, 'Mama', 'Neibour House (Charcoal Seller) and fufu woman', '63 Meiran', 0),
(55, 'Mujeeb', 'Salami', 'Specs', 0),
(56, 'Abigail', 'Mama', '', 0),
(57, 'Kuwam', 'Mama', '', 0),
(58, 'Alagba', 'Mallam Brother', '', 0),
(59, 'Caromy', 'Event Centre', '', 0),
(60, 'Adijat', 'Mama', '', 0),
(61, 'Home', 'Eat', '', 0),
(62, 'Ayo', 'Mama Oseke Wife', 'Meiran Neighbor', 0),
(63, 'Woman at', 'Shop', '', 0),
(64, 'Michael Mama', 'Shop', '', 0),
(65, 'Mama at', 'Alagba (Food Seller)', '', 0),
(66, 'Egborigho Younger', 'Sister', '', 0),
(67, 'HR', 'New', 'Specs', 0),
(68, 'Michael Mama Sister', 'Shop', '', 0),
(69, 'Iyawo', '', 'Specs', 0),
(70, 'Sister', '', '', 0),
(71, 'Dammy', 'Bada', 'Specs', 0),
(72, 'Michael Mama', 'Shop (Near)', '', 0),
(73, 'My Neigbour', 'at Orile Home', '', 0),
(74, 'Rita', 'HR', 'Specs', 0),
(75, 'UD', '', 'Specs', 0),
(76, 'HR New', 'Driver Emma', 'Specs', 0);

-- --------------------------------------------------------

--
-- Table structure for table `customers`
--

CREATE TABLE `customers` (
  `id` int(10) UNSIGNED NOT NULL,
  `firstname` varchar(255) COLLATE utf8mb4_unicode_ci NOT NULL,
  `lastname` varchar(255) COLLATE utf8mb4_unicode_ci NOT NULL,
  `address` varchar(255) COLLATE utf8mb4_unicode_ci NOT NULL
) ENGINE=InnoDB DEFAULT CHARSET=utf8mb4 COLLATE=utf8mb4_unicode_ci;

-- --------------------------------------------------------

--
-- Table structure for table `emptycrate`
--

CREATE TABLE `emptycrate` (
  `id` int(11) NOT NULL,
  `customer_id` int(11) NOT NULL,
  `emptycrates` int(8) NOT NULL DEFAULT '0',
  `emptycratedate` datetime NOT NULL DEFAULT CURRENT_TIMESTAMP
) ENGINE=InnoDB DEFAULT CHARSET=latin1;

--
-- Dumping data for table `emptycrate`
--

INSERT INTO `emptycrate` (`id`, `customer_id`, `emptycrates`, `emptycratedate`) VALUES
(1, 32, 1, '2018-07-16 13:25:32'),
(2, 74, 2, '2018-07-16 13:25:48');

-- --------------------------------------------------------

--
-- Stand-in structure for view `emptycratesum_vw`
-- (See below for the actual view)
--
CREATE TABLE `emptycratesum_vw` (
`id` int(11)
,`customer_id` int(11)
,`customer_name` text
,`totalemptycrates` decimal(32,0)
);

-- --------------------------------------------------------

--
-- Stand-in structure for view `emptycrate_vw`
-- (See below for the actual view)
--
CREATE TABLE `emptycrate_vw` (
`id` int(11)
,`customer_id` int(11)
,`customer_name` text
,`emptycrates` int(8)
,`emptycratedate` datetime
);

-- --------------------------------------------------------

--
-- Table structure for table `migrations`
--

CREATE TABLE `migrations` (
  `id` int(10) UNSIGNED NOT NULL,
  `migration` varchar(255) COLLATE utf8mb4_unicode_ci NOT NULL,
  `batch` int(11) NOT NULL
) ENGINE=InnoDB DEFAULT CHARSET=utf8mb4 COLLATE=utf8mb4_unicode_ci;

--
-- Dumping data for table `migrations`
--

INSERT INTO `migrations` (`id`, `migration`, `batch`) VALUES
(60, '2014_10_12_000000_create_users_table', 1),
(61, '2014_10_12_100000_create_password_resets_table', 1),
(62, '2017_11_20_165505_create_cashs_table', 1),
(63, '2017_11_20_165527_create_records_table', 1),
(64, '2017_11_20_172830_create_customers_table', 1);

-- --------------------------------------------------------

--
-- Table structure for table `password_resets`
--

CREATE TABLE `password_resets` (
  `email` varchar(191) COLLATE utf8mb4_unicode_ci NOT NULL,
  `token` varchar(191) COLLATE utf8mb4_unicode_ci NOT NULL,
  `created_at` timestamp NULL DEFAULT NULL
) ENGINE=InnoDB DEFAULT CHARSET=utf8mb4 COLLATE=utf8mb4_unicode_ci;

-- --------------------------------------------------------

--
-- Table structure for table `product`
--

CREATE TABLE `product` (
  `id` int(11) NOT NULL,
  `name` varchar(255) NOT NULL
) ENGINE=InnoDB DEFAULT CHARSET=latin1;

--
-- Dumping data for table `product`
--

INSERT INTO `product` (`id`, `name`) VALUES
(1, 'Egg'),
(2, 'Gala'),
(3, 'Reconciliation');

-- --------------------------------------------------------

--
-- Table structure for table `purchase`
--

CREATE TABLE `purchase` (
  `id` int(11) NOT NULL,
  `rate` int(11) NOT NULL,
  `quantity` int(11) NOT NULL,
  `transport_per_crate` double(11,3) NOT NULL DEFAULT '50.000',
  `purchase_date` datetime NOT NULL DEFAULT CURRENT_TIMESTAMP,
  `farm` enum('ANIMAL_CARE','IBADAN_FARM','') NOT NULL DEFAULT ''
) ENGINE=InnoDB DEFAULT CHARSET=latin1;

--
-- Dumping data for table `purchase`
--

INSERT INTO `purchase` (`id`, `rate`, `quantity`, `transport_per_crate`, `purchase_date`, `farm`) VALUES
(1, 830, 11, 0.000, '2017-12-14 18:11:21', 'ANIMAL_CARE'),
(2, 800, 97, 0.000, '2017-12-21 18:11:21', 'IBADAN_FARM'),
(3, 760, 50, 0.000, '2017-12-21 18:11:21', ''),
(20, 850, 50, 0.000, '2018-02-16 18:11:21', 'IBADAN_FARM'),
(21, 850, 55, 0.000, '2018-02-17 18:11:21', 'ANIMAL_CARE'),
(22, 550, 5, 0.000, '2018-02-17 18:11:21', 'ANIMAL_CARE'),
(23, 830, 20, 50.000, '2018-02-17 18:11:21', 'ANIMAL_CARE'),
(24, 820, 20, 0.000, '2018-02-23 18:11:21', 'IBADAN_FARM'),
(25, 850, 60, 0.000, '2018-02-24 18:11:21', 'ANIMAL_CARE'),
(26, 830, 40, 0.000, '2018-02-24 18:11:21', 'ANIMAL_CARE');

-- --------------------------------------------------------

--
-- Table structure for table `records`
--

CREATE TABLE `records` (
  `id` int(10) UNSIGNED NOT NULL,
  `customer_id` int(11) NOT NULL,
  `product_id` int(11) NOT NULL,
  `qty` double(11,3) NOT NULL,
  `rate` double(11,3) NOT NULL,
  `recordeddate` datetime NOT NULL DEFAULT CURRENT_TIMESTAMP,
  `created_at` timestamp NULL DEFAULT CURRENT_TIMESTAMP,
  `updated_at` timestamp NULL DEFAULT CURRENT_TIMESTAMP
) ENGINE=InnoDB DEFAULT CHARSET=utf8mb4 COLLATE=utf8mb4_unicode_ci;

--
-- Dumping data for table `records`
--

INSERT INTO `records` (`id`, `customer_id`, `product_id`, `qty`, `rate`, `recordeddate`, `created_at`, `updated_at`) VALUES
(1, 43, 1, 4.000, 950.000, '2017-10-22 11:38:16', '2017-12-02 11:42:20', '2017-12-02 11:42:20'),
(2, 44, 1, 1.000, 1000.000, '2017-10-22 11:42:20', '2017-12-02 11:42:37', '2017-12-02 11:42:37'),
(3, 43, 1, 1.000, 950.000, '2017-10-22 11:42:37', '2017-12-02 11:43:01', '2017-12-02 11:43:01'),
(4, 43, 1, 1.000, 950.000, '2017-10-23 11:43:25', '2017-12-02 11:44:08', '2017-12-02 11:44:08'),
(5, 44, 1, 8.000, 900.000, '2017-10-25 11:44:09', '2017-12-02 11:44:39', '2017-12-02 11:44:39'),
(6, 21, 1, 7.000, 950.000, '2017-10-25 11:44:39', '2017-12-02 11:50:09', '2017-12-02 11:50:09'),
(7, 43, 1, 1.000, 950.000, '2017-10-25 11:54:54', '2017-12-02 11:56:09', '2017-12-02 11:56:09'),
(8, 43, 1, 900.000, 1.000, '2017-10-28 11:58:36', '2017-12-02 12:04:43', '2017-12-02 12:04:43'),
(9, 28, 1, 950.000, 3.000, '2017-10-28 12:04:43', '2017-12-02 12:06:12', '2017-12-02 12:06:12'),
(10, 28, 1, 800.000, 0.500, '2017-10-28 12:06:12', '2017-12-02 12:06:44', '2017-12-02 12:06:44'),
(11, 43, 1, 900.000, 1.000, '2017-10-28 12:06:44', '2017-12-02 12:10:05', '2017-12-02 12:10:05'),
(12, 27, 1, 5.000, 950.000, '2017-10-28 12:10:05', '2017-12-02 12:13:51', '2017-12-02 12:13:51'),
(13, 13, 1, 5.000, 950.000, '2017-10-28 12:13:51', '2017-12-02 12:14:08', '2017-12-02 12:14:08'),
(14, 30, 1, 900.000, 10.000, '2017-10-28 12:14:08', '2017-12-02 12:17:43', '2017-12-02 12:17:43'),
(15, 31, 1, 2.000, 900.000, '2017-10-28 12:17:43', '2017-12-02 12:18:36', '2017-12-02 12:18:36'),
(16, 29, 1, 1.000, 900.000, '2017-10-28 12:18:36', '2017-12-02 12:22:16', '2017-12-02 12:22:16'),
(17, 47, 1, 1.000, 950.000, '2017-10-28 12:22:16', '2017-12-02 12:22:52', '2017-12-02 12:22:52'),
(18, 48, 1, 2.000, 900.000, '2017-10-28 12:22:52', '2017-12-02 12:27:17', '2017-12-02 12:27:17'),
(19, 2, 1, 2.000, 950.000, '2017-10-28 12:27:17', '2017-12-02 12:28:22', '2017-12-02 12:28:22'),
(20, 1, 1, 3.000, 950.000, '2017-10-28 12:30:17', '2017-12-02 12:31:14', '2017-12-02 12:31:14'),
(21, 1, 2, 1.000, 520.000, '2017-10-28 12:33:48', '2017-12-02 12:34:17', '2017-12-02 12:34:17'),
(22, 44, 1, 28.000, 900.000, '2017-10-28 12:34:17', '2017-12-02 12:34:41', '2017-12-02 12:34:41'),
(23, 44, 1, 6.000, 700.000, '2017-10-28 12:34:41', '2017-12-02 12:35:02', '2017-12-02 12:35:02'),
(24, 44, 1, 1.000, 1000.000, '2017-10-28 12:34:41', '2017-12-02 12:35:02', '2017-12-02 12:35:02'),
(25, 44, 1, 1.000, 800.000, '2017-10-28 12:34:41', '2017-12-02 12:35:02', '2017-12-02 12:35:02'),
(26, 46, 1, 10.000, 950.000, '2017-10-29 12:35:09', '2017-12-02 12:37:51', '2017-12-02 12:37:51'),
(27, 26, 1, 1.000, 900.000, '2017-10-29 12:35:09', '2017-12-02 12:38:07', '2017-12-02 12:38:07'),
(28, 49, 1, 2.000, 900.000, '2017-10-29 12:35:09', '2017-12-02 12:38:57', '2017-12-02 12:38:57'),
(29, 43, 1, 1.000, 950.000, '2017-10-29 12:35:09', '2017-12-02 12:39:11', '2017-12-02 12:39:11'),
(30, 43, 1, 5.000, 900.000, '2017-10-29 12:35:09', '2017-12-02 12:40:29', '2017-12-02 12:40:29'),
(31, 26, 1, 1.000, 900.000, '2017-10-29 12:35:09', '2017-12-02 12:40:43', '2017-12-02 12:40:43'),
(32, 43, 1, 1.000, 900.000, '2017-11-04 12:40:43', '2017-12-02 12:44:10', '2017-12-02 12:44:10'),
(33, 49, 1, 3.000, 900.000, '2017-11-06 12:40:43', '2017-12-02 12:45:15', '2017-12-02 12:45:15'),
(34, 46, 1, 10.000, 950.000, '2017-11-06 12:40:43', '2017-12-02 12:45:52', '2017-12-02 12:45:52'),
(35, 43, 1, 2.000, 900.000, '2017-11-07 12:45:52', '2017-12-02 12:46:08', '2017-12-02 12:46:08'),
(36, 30, 1, 10.000, 900.000, '2017-11-07 12:46:08', '2017-12-02 12:47:45', '2017-12-02 12:47:45'),
(37, 31, 1, 5.000, 900.000, '2017-11-07 12:46:08', '2017-12-02 12:48:00', '2017-12-02 12:48:00'),
(38, 29, 1, 1.000, 900.000, '2017-11-07 12:46:08', '2017-12-02 12:48:27', '2017-12-02 12:48:27'),
(39, 13, 1, 5.000, 900.000, '2017-11-07 12:46:08', '2017-12-02 12:48:42', '2017-12-02 12:48:42'),
(40, 43, 1, 2.000, 900.000, '2017-11-07 12:46:08', '2017-12-02 12:48:58', '2017-12-02 12:48:58'),
(41, 44, 1, 10.000, 900.000, '2017-11-07 12:46:08', '2017-12-02 12:49:53', '2017-12-02 12:49:53'),
(42, 44, 1, 8.000, 800.000, '2017-11-07 12:46:08', '2017-12-02 12:50:18', '2017-12-02 12:50:18'),
(43, 23, 1, 2.000, 950.000, '2017-11-09 12:46:08', '2017-12-02 12:52:33', '2017-12-02 12:52:33'),
(44, 23, 1, 3.000, 950.000, '2017-11-10 12:46:08', '2017-12-02 12:53:26', '2017-12-02 12:53:26'),
(45, 23, 1, 2.000, 950.000, '2017-11-11 12:46:08', '2017-12-02 12:55:25', '2017-12-02 12:55:25'),
(46, 3, 1, 5.000, 900.000, '2017-11-11 12:56:12', '2017-12-02 12:57:08', '2017-12-02 12:57:08'),
(47, 26, 1, 1.000, 900.000, '2017-11-12 12:56:12', '2017-12-02 12:58:27', '2017-12-02 12:58:27'),
(48, 50, 1, 2.000, 900.000, '2017-11-11 12:56:12', '2017-12-02 12:59:01', '2017-12-02 12:59:01'),
(49, 23, 1, 3.000, 950.000, '2017-11-12 12:59:02', '2017-12-02 12:59:33', '2017-12-02 12:59:33'),
(50, 28, 1, 3.000, 950.000, '2017-11-11 12:59:02', '2017-12-02 13:00:20', '2017-12-02 13:00:20'),
(51, 28, 1, 0.500, 800.000, '2017-11-12 12:59:02', '2017-12-02 13:00:39', '2017-12-02 13:00:39'),
(52, 27, 1, 5.000, 950.000, '2017-11-12 12:59:02', '2017-12-02 13:01:07', '2017-12-02 13:01:07'),
(53, 43, 1, 1.000, 900.000, '2017-11-12 12:59:02', '2017-12-02 13:02:43', '2017-12-02 13:02:43'),
(54, 30, 1, 10.000, 900.000, '2017-11-12 12:59:02', '2017-12-02 13:03:07', '2017-12-02 13:03:07'),
(55, 31, 1, 2.000, 900.000, '2017-11-12 12:59:02', '2017-12-02 13:03:25', '2017-12-02 13:03:25'),
(56, 48, 1, 2.000, 900.000, '2017-11-12 12:59:02', '2017-12-02 13:03:49', '2017-12-02 13:03:49'),
(57, 42, 1, 3.000, 950.000, '2017-11-12 12:59:02', '2017-12-02 13:04:17', '2017-12-02 13:04:17'),
(58, 2, 1, 1.000, 950.000, '2017-11-12 12:59:02', '2017-12-02 13:04:32', '2017-12-02 13:04:32'),
(59, 43, 1, 1.000, 950.000, '2017-11-12 12:59:02', '2017-12-02 13:04:42', '2017-12-02 13:04:42'),
(60, 23, 1, 3.000, 950.000, '2017-11-14 12:59:02', '2017-12-02 13:06:08', '2017-12-02 13:06:08'),
(61, 46, 1, 2.000, 950.000, '2017-11-15 12:59:02', '2017-12-02 13:06:37', '2017-12-02 13:06:37'),
(62, 43, 1, 3.000, 900.000, '2017-11-15 12:59:02', '2017-12-02 13:06:56', '2017-12-02 13:06:56'),
(63, 43, 1, 1.000, 900.000, '2017-11-15 12:59:02', '2017-12-02 13:07:12', '2017-12-02 13:07:12'),
(64, 43, 1, 1.000, 950.000, '2017-11-16 12:59:02', '2017-12-02 13:09:21', '2017-12-02 13:09:21'),
(65, 50, 1, 1.000, 900.000, '2017-11-17 12:59:02', '2017-12-02 13:10:21', '2017-12-02 13:10:21'),
(66, 46, 1, 3.000, 950.000, '2017-11-18 12:59:02', '2017-12-02 13:10:54', '2017-12-02 13:10:54'),
(67, 26, 1, 1.000, 900.000, '2017-11-18 13:10:54', '2017-12-02 13:11:24', '2017-12-02 13:11:24'),
(68, 44, 1, 10.000, 900.000, '2017-11-18 13:10:54', '2017-12-02 13:11:42', '2017-12-02 13:11:42'),
(69, 44, 1, 10.000, 800.000, '2017-11-18 13:10:54', '2017-12-02 13:11:53', '2017-12-02 13:11:53'),
(70, 44, 1, 1.000, 1000.000, '2017-11-18 13:10:54', '2017-12-02 13:12:38', '2017-12-02 13:12:38'),
(71, 31, 1, 2.000, 900.000, '2017-11-18 13:10:54', '2017-12-02 13:13:03', '2017-12-02 13:13:03'),
(72, 43, 1, 1.000, 900.000, '2017-11-18 13:10:54', '2017-12-02 13:13:21', '2017-12-02 13:13:21'),
(73, 3, 1, 6.000, 900.000, '2017-11-18 13:10:54', '2017-12-02 13:14:43', '2017-12-02 13:14:43'),
(74, 48, 1, 3.000, 900.000, '2017-11-18 13:10:54', '2017-12-02 13:15:07', '2017-12-02 13:15:07'),
(75, 13, 1, 5.000, 900.000, '2017-11-18 13:10:54', '2017-12-02 13:15:27', '2017-12-02 13:15:27'),
(76, 29, 1, 1.000, 900.000, '2017-11-18 13:10:54', '2017-12-02 13:16:55', '2017-12-02 13:16:55'),
(77, 2, 1, 1.000, 1000.000, '2017-11-18 13:10:54', '2017-12-02 13:17:17', '2017-12-02 13:17:17'),
(78, 42, 1, 3.000, 1000.000, '2017-11-18 13:10:54', '2017-12-02 13:17:30', '2017-12-02 13:17:30'),
(79, 43, 1, 1.000, 950.000, '2017-11-18 13:10:54', '2017-12-02 13:17:58', '2017-12-02 13:17:58'),
(80, 42, 2, 1.000, 500.000, '2017-11-18 13:10:54', '2017-12-02 13:18:24', '2017-12-02 13:18:24'),
(81, 26, 1, 1.000, 900.000, '2017-11-20 13:10:54', '2017-12-02 13:21:30', '2017-12-02 13:21:30'),
(82, 46, 1, 5.000, 950.000, '2017-11-20 13:10:54', '2017-12-02 13:23:15', '2017-12-02 13:23:15'),
(83, 49, 1, 3.000, 900.000, '2017-11-22 13:10:54', '2017-12-02 13:24:44', '2017-12-02 13:24:44'),
(84, 26, 1, 1.000, 900.000, '2017-11-22 13:10:54', '2017-12-02 13:25:18', '2017-12-02 13:25:18'),
(85, 43, 1, 1.000, 1000.000, '2017-11-24 13:25:41', '2017-12-02 13:26:05', '2017-12-02 13:26:05'),
(86, 46, 1, 4.000, 950.000, '2017-11-24 13:25:41', '2017-12-02 13:26:39', '2017-12-02 13:26:39'),
(87, 43, 1, 1.000, 900.000, '2017-11-25 13:25:41', '2017-12-02 13:26:59', '2017-12-02 13:26:59'),
(88, 43, 1, 0.500, 1000.000, '2017-11-24 13:25:41', '2017-12-02 13:27:15', '2017-12-02 13:27:15'),
(89, 43, 1, 1.000, 1000.000, '2017-11-24 13:25:41', '2017-12-02 13:28:16', '2017-12-02 13:28:16'),
(90, 43, 1, 0.500, 1000.000, '2017-11-24 13:25:41', '2017-12-02 13:28:27', '2017-12-02 13:28:27'),
(91, 43, 1, 2.000, 900.000, '2017-12-02 21:24:38', '2017-12-03 21:28:53', '2017-12-03 21:28:53'),
(92, 51, 1, 1.000, 950.000, '2017-12-02 21:28:53', '2017-12-03 21:29:26', '2017-12-03 21:29:26'),
(93, 27, 1, 5.000, 950.000, '2017-12-02 21:28:53', '2017-12-03 21:31:47', '2017-12-03 21:31:47'),
(94, 13, 1, 5.000, 900.000, '2017-12-02 21:28:53', '2017-12-03 21:32:07', '2017-12-03 21:32:07'),
(95, 31, 1, 5.000, 900.000, '2017-12-02 21:28:53', '2017-12-02 21:34:58', '2017-12-02 21:34:58'),
(96, 30, 1, 10.000, 900.000, '2017-12-02 21:34:58', '2017-12-02 21:35:09', '2017-12-02 21:35:09'),
(97, 29, 1, 1.000, 900.000, '2017-12-02 23:50:25', '2017-12-02 23:50:40', '2017-12-02 23:50:40'),
(98, 48, 1, 2.000, 900.000, '2017-12-02 23:50:40', '2017-12-02 23:51:15', '2017-12-02 23:51:15'),
(99, 43, 1, 1.000, 900.000, '2017-12-02 23:51:15', '2017-12-02 23:51:41', '2017-12-02 23:51:41'),
(100, 21, 1, 7.000, 900.000, '2017-12-02 23:51:41', '2017-12-02 23:53:15', '2017-12-02 23:53:15'),
(101, 21, 1, 0.500, 900.000, '2017-12-02 23:53:15', '2017-12-02 23:53:30', '2017-12-02 23:53:30'),
(102, 21, 1, 2.000, 800.000, '2017-12-02 23:53:30', '2017-12-02 23:53:39', '2017-12-02 23:53:39'),
(103, 3, 1, 5.000, 900.000, '2017-12-02 23:53:39', '2017-12-02 23:54:34', '2017-12-02 23:54:34'),
(104, 42, 1, 3.000, 950.000, '2017-12-02 23:54:34', '2017-12-02 23:55:14', '2017-12-02 23:55:14'),
(105, 42, 2, 1.000, 500.000, '2017-12-02 23:55:14', '2017-12-02 23:55:34', '2017-12-02 23:55:34'),
(106, 44, 1, 13.000, 800.000, '2017-12-02 23:55:34', '2017-12-02 23:56:05', '2017-12-02 23:56:05'),
(107, 44, 1, 2.000, 1000.000, '2017-12-02 23:56:05', '2017-12-02 23:56:14', '2017-12-02 23:56:14'),
(108, 44, 1, 4.000, 900.000, '2017-12-02 23:56:14', '2017-12-02 23:56:26', '2017-12-02 23:56:26'),
(109, 46, 1, 10.000, 950.000, '2017-12-02 23:56:26', '2017-12-02 23:57:46', '2017-12-02 23:57:46'),
(110, 50, 1, 1.000, 900.000, '2017-12-02 23:57:46', '2017-12-02 23:59:05', '2017-12-02 23:59:05'),
(111, 52, 1, 1.000, 900.000, '2017-12-02 23:59:05', '2017-12-03 00:00:05', '2017-12-03 00:00:05'),
(112, 26, 1, 1.000, 900.000, '2017-12-02 00:00:05', '2017-12-03 00:01:15', '2017-12-03 00:01:15'),
(113, 54, 1, 1.000, 950.000, '2017-12-02 00:02:55', '2017-12-03 00:03:11', '2017-12-03 00:03:11'),
(114, 53, 1, 2.000, 900.000, '2017-12-02 00:03:11', '2017-12-03 00:03:28', '2017-12-03 00:03:28'),
(115, 40, 1, 1.000, 1100.000, '2017-11-29 15:52:49', '2017-12-05 15:55:30', '2017-12-05 15:55:30'),
(116, 32, 1, 1.000, 1100.000, '2017-11-29 15:55:30', '2017-12-05 15:58:32', '2017-12-05 15:58:32'),
(117, 32, 1, 1.000, 1000.000, '2017-11-29 15:55:30', '2017-12-05 15:58:38', '2017-12-05 15:58:38'),
(118, 32, 1, 1.000, 1100.000, '2017-12-05 15:58:38', '2017-12-05 15:59:32', '2017-12-05 15:59:32'),
(119, 37, 1, 3.000, 1050.000, '2017-12-05 15:59:32', '2017-12-05 15:59:50', '2017-12-05 15:59:50'),
(120, 55, 1, 2.000, 1100.000, '2017-11-29 16:00:15', '2017-12-05 16:01:26', '2017-12-05 16:01:26'),
(121, 36, 1, 1.000, 1100.000, '2017-12-07 16:00:15', '2017-12-07 16:01:26', '2017-12-07 16:01:26'),
(122, 1, 1, 0.000, 0.000, '2017-11-29 16:00:15', '2017-12-05 16:01:26', '2017-12-05 16:01:26'),
(125, 4, 1, 0.000, 0.000, '2017-11-29 16:00:15', '2017-12-05 16:01:26', '2017-12-05 16:01:26'),
(126, 5, 1, 0.000, 0.000, '2017-11-29 16:00:15', '2017-12-05 16:01:26', '2017-12-05 16:01:26'),
(127, 6, 1, 0.000, 0.000, '2017-11-29 16:00:15', '2017-12-05 16:01:26', '2017-12-05 16:01:26'),
(128, 7, 1, 0.000, 0.000, '2017-11-29 16:00:15', '2017-12-05 16:01:26', '2017-12-05 16:01:26'),
(129, 8, 1, 0.000, 0.000, '2017-11-29 16:00:15', '2017-12-05 16:01:26', '2017-12-05 16:01:26'),
(130, 9, 1, 0.000, 0.000, '2017-11-29 16:00:15', '2017-12-05 16:01:26', '2017-12-05 16:01:26'),
(131, 10, 1, 0.000, 0.000, '2017-11-29 16:00:15', '2017-12-05 16:01:26', '2017-12-05 16:01:26'),
(132, 11, 1, 0.000, 0.000, '2017-11-29 16:00:15', '2017-12-05 16:01:26', '2017-12-05 16:01:26'),
(133, 12, 1, 0.000, 0.000, '2017-11-29 16:00:15', '2017-12-05 16:01:26', '2017-12-05 16:01:26'),
(134, 42, 3, 1.000, 150.000, '2017-11-29 16:00:15', '2017-12-05 16:01:26', '2017-12-05 16:01:26'),
(135, 14, 1, 0.000, 0.000, '2017-11-29 16:00:15', '2017-12-05 16:01:26', '2017-12-05 16:01:26'),
(136, 15, 1, 0.000, 0.000, '2017-11-29 16:00:15', '2017-12-05 16:01:26', '2017-12-05 16:01:26'),
(137, 16, 1, 0.000, 0.000, '2017-11-29 16:00:15', '2017-12-05 16:01:26', '2017-12-05 16:01:26'),
(138, 17, 1, 0.000, 0.000, '2017-11-29 16:00:15', '2017-12-05 16:01:26', '2017-12-05 16:01:26'),
(139, 18, 1, 0.000, 0.000, '2017-11-29 16:00:15', '2017-12-05 16:01:26', '2017-12-05 16:01:26'),
(140, 19, 1, 0.000, 0.000, '2017-11-29 16:00:15', '2017-12-05 16:01:26', '2017-12-05 16:01:26'),
(141, 20, 1, 0.000, 0.000, '2017-11-29 16:00:15', '2017-12-05 16:01:26', '2017-12-05 16:01:26'),
(143, 22, 1, 0.000, 0.000, '2017-11-29 16:00:15', '2017-12-05 16:01:26', '2017-12-05 16:01:26'),
(144, 23, 1, 0.000, 0.000, '2017-11-29 16:00:15', '2017-12-05 16:01:26', '2017-12-05 16:01:26'),
(145, 24, 1, 0.000, 0.000, '2017-11-29 16:00:15', '2017-12-05 16:01:26', '2017-12-05 16:01:26'),
(146, 25, 1, 0.000, 0.000, '2017-11-29 16:00:15', '2017-12-05 16:01:26', '2017-12-05 16:01:26'),
(147, 26, 1, 0.000, 0.000, '2017-11-29 16:00:15', '2017-12-05 16:01:26', '2017-12-05 16:01:26'),
(148, 27, 1, 0.000, 0.000, '2017-11-29 16:00:15', '2017-12-05 16:01:26', '2017-12-05 16:01:26'),
(149, 28, 1, 0.000, 0.000, '2017-11-29 16:00:15', '2017-12-05 16:01:26', '2017-12-05 16:01:26'),
(150, 29, 1, 0.000, 0.000, '2017-11-29 16:00:15', '2017-12-05 16:01:26', '2017-12-05 16:01:26'),
(151, 30, 1, 0.000, 0.000, '2017-11-29 16:00:15', '2017-12-05 16:01:26', '2017-12-05 16:01:26'),
(152, 31, 1, 0.000, 0.000, '2017-11-29 16:00:15', '2017-12-05 16:01:26', '2017-12-05 16:01:26'),
(154, 33, 1, 0.000, 0.000, '2017-11-29 16:00:15', '2017-12-05 16:01:26', '2017-12-05 16:01:26'),
(155, 34, 1, 0.000, 0.000, '2017-11-29 16:00:15', '2017-12-05 16:01:26', '2017-12-05 16:01:26'),
(156, 35, 1, 0.000, 0.000, '2017-11-29 16:00:15', '2017-12-05 16:01:26', '2017-12-05 16:01:26'),
(159, 37, 1, 3.000, 1050.000, '2017-12-06 15:59:32', '2017-12-06 15:59:50', '2017-12-06 15:59:50'),
(160, 42, 3, 1.000, 650.000, '2017-12-09 12:59:02', '2017-12-09 11:59:02', '2017-12-09 11:59:02'),
(161, 27, 3, 1.000, 4750.000, '2017-12-09 12:59:02', '2017-12-09 11:59:02', '2017-12-09 11:59:02'),
(162, 48, 3, 1.000, 1800.000, '2017-12-09 12:59:02', '2017-12-09 11:59:02', '2017-12-09 11:59:02'),
(163, 30, 3, 1.000, 5000.000, '2017-12-09 12:59:02', '2017-12-09 11:59:02', '2017-12-09 11:59:02'),
(164, 29, 3, 1.000, 4000.000, '2017-12-09 12:59:02', '2017-12-09 11:59:02', '2017-12-09 11:59:02'),
(165, 46, 3, 1.000, 4500.000, '2017-12-09 12:59:02', '2017-12-09 11:59:02', '2017-12-09 11:59:02'),
(166, 23, 1, 0.500, 950.000, '2017-11-16 12:17:22', '2017-12-09 12:18:17', '2017-12-09 12:18:17'),
(167, 43, 1, 1.000, 950.000, '2017-12-04 12:17:22', '2017-12-09 12:19:16', '2017-12-09 12:19:16'),
(168, 26, 1, 1.000, 900.000, '2017-12-04 12:17:22', '2017-12-09 12:22:01', '2017-12-09 12:22:01'),
(169, 52, 1, 1.000, 900.000, '2017-12-06 12:17:22', '2017-12-09 12:26:51', '2017-12-09 12:26:51'),
(170, 44, 1, 3.000, 900.000, '2017-12-07 12:26:51', '2017-12-09 12:27:33', '2017-12-09 12:27:33'),
(171, 43, 1, 1.000, 900.000, '2017-12-07 12:26:51', '2017-12-09 12:29:56', '2017-12-09 12:29:56'),
(172, 43, 1, 1.000, 900.000, '2017-12-09 18:23:40', '2017-12-09 18:24:17', '2017-12-09 18:24:17'),
(173, 29, 1, 1.000, 900.000, '2017-12-09 18:24:17', '2017-12-09 18:24:38', '2017-12-09 18:24:38'),
(174, 31, 1, 6.000, 900.000, '2017-12-09 18:24:38', '2017-12-09 18:25:08', '2017-12-09 18:25:08'),
(175, 48, 1, 2.000, 900.000, '2017-12-09 18:25:08', '2017-12-09 18:25:53', '2017-12-09 18:25:53'),
(176, 43, 1, 1.000, 900.000, '2017-12-09 18:25:53', '2017-12-09 18:26:07', '2017-12-09 18:26:07'),
(177, 13, 1, 5.000, 900.000, '2017-12-09 18:26:07', '2017-12-09 18:26:26', '2017-12-09 18:26:26'),
(178, 1, 1, 2.000, 950.000, '2017-12-09 18:27:08', '2017-12-09 18:27:28', '2017-12-09 18:27:28'),
(179, 1, 2, 1.000, 520.000, '2017-12-09 18:27:28', '2017-12-09 18:28:25', '2017-12-09 18:28:25'),
(180, 2, 1, 1.000, 950.000, '2017-12-09 18:28:25', '2017-12-09 18:30:08', '2017-12-09 18:30:08'),
(181, 42, 1, 1.000, 1000.000, '2017-12-09 18:30:08', '2017-12-09 18:30:32', '2017-12-09 18:30:32'),
(182, 43, 1, 1.000, 900.000, '2017-12-09 18:31:58', '2017-12-09 18:32:20', '2017-12-09 18:32:20'),
(183, 43, 1, 0.500, 900.000, '2017-12-09 18:32:20', '2017-12-09 18:32:38', '2017-12-09 18:32:38'),
(184, 52, 1, 1.000, 900.000, '2017-12-09 18:32:39', '2017-12-09 18:32:58', '2017-12-09 18:32:58'),
(185, 44, 1, 20.000, 950.000, '2017-12-09 18:32:58', '2017-12-09 18:33:27', '2017-12-09 18:33:27'),
(186, 44, 1, 19.000, 900.000, '2017-12-09 18:33:27', '2017-12-09 18:33:53', '2017-12-09 18:33:53'),
(187, 44, 1, 8.500, 800.000, '2017-12-09 18:33:53', '2017-12-09 18:34:11', '2017-12-09 18:34:11'),
(188, 46, 1, 10.000, 950.000, '2017-12-09 18:34:11', '2017-12-09 18:34:40', '2017-12-09 18:34:40'),
(189, 26, 1, 1.000, 900.000, '2017-12-09 18:34:40', '2017-12-09 18:35:05', '2017-12-09 18:35:05'),
(190, 43, 1, 1.000, 900.000, '2017-12-09 18:35:05', '2017-12-09 18:35:14', '2017-12-09 18:35:14'),
(191, 3, 3, 1.000, -2750.000, '2017-12-09 18:35:14', '2017-12-09 18:38:49', '2017-12-09 18:38:49'),
(192, 32, 1, 1.000, 1100.000, '2017-12-11 15:58:38', '2017-12-14 14:58:38', '2017-12-14 14:58:38'),
(193, 36, 1, 1.000, 1100.000, '2017-12-11 16:00:15', '2017-12-14 14:58:38', '2017-12-14 14:58:38'),
(194, 37, 1, 2.000, 1050.000, '2017-12-11 16:00:15', '2017-12-14 14:58:38', '2017-12-14 14:58:38'),
(195, 56, 1, 2.000, 850.000, '2017-12-11 00:08:25', '2018-01-01 00:16:32', '2018-01-01 00:16:32'),
(196, 56, 1, 0.500, 900.000, '2017-12-13 00:08:25', '2018-01-01 00:17:50', '2018-01-01 00:17:50'),
(197, 21, 1, 5.000, 900.000, '2017-12-14 00:19:24', '2018-01-01 00:21:11', '2018-01-01 00:21:11'),
(198, 21, 1, 5.000, 950.000, '2017-12-14 00:19:24', '2018-01-01 00:21:20', '2018-01-01 00:21:20'),
(199, 43, 1, 3.000, 950.000, '2017-12-17 00:19:24', '2018-01-01 00:22:15', '2018-01-01 00:22:15'),
(200, 43, 1, 1.000, 900.000, '2017-12-17 00:19:24', '2018-01-01 00:22:26', '2018-01-01 00:22:26'),
(201, 43, 1, 1.500, 950.000, '2017-12-18 00:22:44', '2018-01-01 00:23:59', '2018-01-01 00:23:59'),
(202, 43, 1, 0.500, 950.000, '2017-12-18 00:23:59', '2018-01-01 00:24:30', '2018-01-01 00:24:30'),
(203, 56, 1, 2.000, 950.000, '2017-12-20 00:24:30', '2018-01-01 00:25:48', '2018-01-01 00:25:48'),
(204, 52, 1, 1.000, 900.000, '2017-12-20 00:25:49', '2018-01-01 00:27:02', '2018-01-01 00:27:02'),
(205, 43, 1, 0.500, 950.000, '2017-12-20 00:25:49', '2018-01-01 00:36:47', '2018-01-01 00:36:47'),
(206, 43, 1, 0.500, 950.000, '2017-12-23 00:36:47', '2018-01-01 00:37:06', '2018-01-01 00:37:06'),
(207, 43, 1, 1.000, 950.000, '2017-12-23 08:04:05', '2017-12-23 08:04:34', '2017-12-23 08:04:34'),
(208, 58, 1, 6.000, 950.000, '2017-12-23 08:05:57', '2017-12-23 08:06:31', '2017-12-23 08:06:31'),
(209, 43, 1, 1.000, 900.000, '2017-12-23 08:06:31', '2017-12-23 08:06:47', '2017-12-23 08:06:47'),
(210, 13, 1, 5.000, 950.000, '2017-12-23 08:06:47', '2017-12-23 08:07:06', '2017-12-23 08:07:06'),
(211, 31, 1, 5.000, 900.000, '2017-12-23 08:07:07', '2017-12-23 08:08:08', '2017-12-23 08:08:08'),
(212, 29, 1, 1.000, 900.000, '2017-12-23 08:08:09', '2017-12-23 08:08:33', '2017-12-23 08:08:33'),
(213, 48, 1, 1.000, 900.000, '2017-12-23 08:08:33', '2017-12-23 08:09:38', '2017-12-23 08:09:38'),
(214, 48, 1, 1.000, 950.000, '2017-12-23 08:09:38', '2017-12-23 08:09:41', '2017-12-23 08:09:41'),
(215, 43, 1, 2.000, 950.000, '2017-12-23 08:09:42', '2017-12-23 08:10:11', '2017-12-23 08:10:11'),
(216, 2, 1, 3.000, 950.000, '2017-12-23 08:10:11', '2017-12-23 08:10:24', '2017-12-23 08:10:24'),
(217, 42, 1, 3.000, 1000.000, '2017-12-23 08:10:24', '2017-12-23 08:10:36', '2017-12-23 08:10:36'),
(218, 43, 1, 1.000, 950.000, '2017-12-23 08:10:36', '2017-12-23 08:10:57', '2017-12-23 08:10:57'),
(219, 59, 1, 4.000, 850.000, '2017-12-23 08:12:07', '2017-12-23 08:12:24', '2017-12-23 08:12:24'),
(220, 3, 1, 6.000, 950.000, '2017-12-23 08:12:24', '2017-12-23 08:12:40', '2017-12-23 08:12:40'),
(221, 43, 1, 1.000, 950.000, '2017-12-24 08:12:40', '2017-12-23 08:12:52', '2017-12-23 08:12:52'),
(222, 43, 1, 1.000, 900.000, '2017-12-24 08:15:10', '2017-12-24 08:15:20', '2017-12-24 08:15:20'),
(223, 43, 1, 0.500, 950.000, '2017-12-24 08:15:20', '2017-12-24 08:15:38', '2017-12-24 08:15:38'),
(224, 43, 1, 1.000, 900.000, '2017-12-24 08:15:38', '2017-12-24 08:16:00', '2017-12-24 08:16:00'),
(225, 46, 1, 5.000, 950.000, '2017-12-24 08:16:00', '2017-12-24 08:16:27', '2017-12-24 08:16:27'),
(226, 43, 1, 0.500, 950.000, '2017-12-24 08:58:12', '2017-12-24 08:58:35', '2017-12-24 08:58:35'),
(227, 43, 1, 1.000, 900.000, '2017-12-24 08:58:35', '2017-12-24 08:59:23', '2017-12-24 08:59:23'),
(228, 50, 1, 2.000, 900.000, '2017-12-24 08:59:23', '2017-12-24 08:59:42', '2017-12-24 08:59:42'),
(229, 43, 1, 1.000, 950.000, '2017-12-26 08:59:42', '2017-12-24 09:00:20', '2017-12-24 09:00:20'),
(232, 60, 1, 1.000, 900.000, '2017-12-28 10:45:32', '2017-12-24 10:45:56', '2017-12-24 10:45:56'),
(233, 43, 1, 2.000, 900.000, '2017-12-29 10:56:18', '2017-12-29 10:57:34', '2017-12-29 10:57:34'),
(234, 43, 1, 0.500, 900.000, '2017-12-29 10:57:35', '2017-12-29 10:58:17', '2017-12-29 10:58:17'),
(235, 43, 1, 1.000, 950.000, '2017-12-29 11:44:30', '2018-01-01 11:46:22', '2018-01-01 11:46:22'),
(236, 48, 1, 2.000, 900.000, '2017-12-29 11:44:30', '2018-01-01 11:45:03', '2018-01-01 11:45:03'),
(237, 30, 1, 5.000, 900.000, '2017-12-29 10:53:49', '2017-12-29 10:54:28', '2017-12-29 10:54:28'),
(238, 13, 1, 5.000, 950.000, '2017-12-29 10:54:28', '2017-12-29 10:54:40', '2017-12-29 10:54:40'),
(239, 2, 1, 4.000, 950.000, '2017-12-29 10:54:41', '2017-12-29 10:55:49', '2017-12-29 10:55:49'),
(240, 42, 1, 3.000, 1000.000, '2017-12-29 10:55:49', '2017-12-29 10:56:18', '2017-12-29 10:56:18'),
(241, 3, 1, 7.000, 950.000, '2017-12-29 10:56:18', '2017-12-29 10:57:34', '2017-12-29 10:57:34'),
(242, 43, 1, 0.500, 950.000, '2017-12-29 10:57:35', '2017-12-29 10:58:17', '2017-12-29 10:58:17'),
(243, 59, 1, 4.000, 850.000, '2017-12-30 10:58:17', '2017-12-29 11:01:09', '2017-12-29 11:01:09'),
(244, 60, 1, 2.000, 900.000, '2018-01-01 11:02:24', '2018-01-01 11:02:49', '2018-01-01 11:02:49'),
(246, 44, 1, -10.000, 950.000, '2017-12-29 12:29:22', '2018-01-01 12:31:38', '2018-01-01 12:31:38'),
(247, 44, 1, 37.000, 950.000, '2017-12-23 12:52:35', '2018-01-01 12:53:37', '2018-01-01 12:53:37'),
(248, 44, 1, 20.000, 900.000, '2017-12-23 12:52:35', '2018-01-01 12:53:53', '2018-01-01 12:53:53'),
(249, 32, 1, 5.000, 1000.000, '2017-12-30 14:35:54', '2018-01-01 14:36:21', '2018-01-01 14:36:21'),
(250, 43, 1, 6.000, 950.000, '2018-01-02 23:08:04', '2018-01-06 23:09:00', '2018-01-06 23:09:00'),
(251, 61, 1, 1.000, 950.000, '2018-01-02 09:25:20', '2018-01-02 09:25:56', '2018-01-02 09:25:56'),
(252, 43, 1, 10.000, 950.000, '2018-01-04 10:06:44', '2018-01-04 10:08:03', '2018-01-04 10:08:03'),
(253, 59, 1, 6.000, 850.000, '2018-01-04 10:08:03', '2018-01-04 10:08:37', '2018-01-04 10:08:37'),
(254, 62, 1, 1.000, 950.000, '2018-01-04 10:11:00', '2018-01-04 10:11:25', '2018-01-04 10:11:25'),
(255, 56, 1, 1.000, 900.000, '2018-01-04 10:11:25', '2018-01-04 10:13:19', '2018-01-04 10:13:19'),
(256, 44, 1, 15.000, 950.000, '2018-01-06 10:16:23', '2018-01-06 10:19:32', '2018-01-06 10:19:32'),
(257, 44, 1, 20.000, 900.000, '2018-01-06 10:19:32', '2018-01-06 10:19:43', '2018-01-06 10:19:43'),
(258, 44, 1, 0.500, 900.000, '2018-01-06 10:19:43', '2018-01-06 10:19:49', '2018-01-06 10:19:49'),
(259, 44, 1, 0.500, 1200.000, '2018-01-06 10:19:49', '2018-01-06 10:19:59', '2018-01-06 10:19:59'),
(260, 44, 1, 0.500, 800.000, '2018-01-06 10:19:59', '2018-01-06 10:20:17', '2018-01-06 10:20:17'),
(261, 63, 1, 10.000, 850.000, '2018-01-06 10:31:56', '2018-01-06 10:32:27', '2018-01-06 10:32:27'),
(262, 64, 1, 10.000, 930.000, '2018-01-06 13:58:21', '2018-01-06 13:59:33', '2018-01-06 13:59:33'),
(263, 44, 1, 5.000, 950.000, '2018-01-06 13:59:33', '2018-01-06 13:59:56', '2018-01-06 13:59:56'),
(264, 30, 1, 10.000, 900.000, '2018-01-06 13:59:56', '2018-01-06 14:00:50', '2018-01-06 14:00:50'),
(265, 13, 1, 5.000, 950.000, '2018-01-06 14:00:50', '2018-01-06 14:01:26', '2018-01-06 14:01:26'),
(266, 48, 1, 2.000, 900.000, '2018-01-06 14:01:26', '2018-01-06 14:01:43', '2018-01-06 14:01:43'),
(267, 31, 1, 5.000, 900.000, '2018-01-06 14:01:44', '2018-01-06 14:04:49', '2018-01-06 14:04:49'),
(268, 43, 1, 1.000, 950.000, '2018-01-06 14:04:49', '2018-01-06 14:06:23', '2018-01-06 14:06:23'),
(269, 43, 1, 1.000, 950.000, '2018-01-06 14:04:49', '2018-01-06 14:06:33', '2018-01-06 14:06:33'),
(270, 65, 1, 2.000, 950.000, '2018-01-06 14:14:08', '2018-01-06 14:17:04', '2018-01-06 14:17:04'),
(271, 27, 1, 10.000, 950.000, '2018-01-06 14:17:04', '2018-01-06 14:18:04', '2018-01-06 14:18:04'),
(272, 1, 1, 1.000, 950.000, '2018-01-06 14:18:26', '2018-01-06 14:19:35', '2018-01-06 14:19:35'),
(273, 1, 2, 1.000, 530.000, '2018-01-06 14:19:35', '2018-01-06 14:21:18', '2018-01-06 14:21:18'),
(274, 2, 1, 2.000, 950.000, '2018-01-06 14:21:19', '2018-01-06 14:23:23', '2018-01-06 14:23:23'),
(275, 60, 1, 2.000, 850.000, '2018-01-07 14:23:23', '2018-01-06 14:25:12', '2018-01-06 14:25:12'),
(276, 46, 1, 5.000, 950.000, '2018-01-07 18:27:37', '2018-01-07 18:28:38', '2018-01-07 18:28:38'),
(277, 26, 1, 1.000, 900.000, '2018-01-07 18:28:38', '2018-01-07 18:29:18', '2018-01-07 18:29:18'),
(278, 50, 1, 2.000, 900.000, '2018-01-04 18:31:42', '2018-01-04 18:32:00', '2018-01-04 18:32:00'),
(279, 56, 1, 2.000, 900.000, '2018-01-05 18:32:45', '2018-01-05 18:33:05', '2018-01-05 18:33:05'),
(280, 43, 1, 1.000, 900.000, '2018-01-05 18:33:05', '2018-01-05 18:33:20', '2018-01-05 18:33:20'),
(281, 60, 1, 1.000, 900.000, '2018-01-05 18:33:20', '2018-01-05 18:33:36', '2018-01-05 18:33:36'),
(282, 43, 1, 1.000, 900.000, '2018-01-05 18:33:36', '2018-01-05 18:33:43', '2018-01-05 18:33:43'),
(283, 53, 1, 2.000, 900.000, '2018-01-07 18:34:00', '2018-01-07 18:34:25', '2018-01-07 18:34:25'),
(284, 52, 3, 1.000, 300.000, '2018-01-07 19:04:59', '2018-01-07 19:06:13', '2018-01-07 19:06:13'),
(285, 60, 3, 1.000, 400.000, '2018-01-07 19:04:59', '2018-01-07 19:06:13', '2018-01-07 19:06:13'),
(286, 1, 3, 1.000, 160.000, '2018-01-07 19:04:59', '2018-01-07 19:06:13', '2018-01-07 19:06:13'),
(287, 43, 1, 0.500, 900.000, '2018-01-06 21:09:03', '2018-01-07 21:09:52', '2018-01-07 21:09:52'),
(288, 44, 1, 2.000, 1100.000, '2018-01-08 17:48:23', '2018-01-08 17:48:45', '2018-01-08 17:48:45'),
(289, 29, 1, 1.000, 900.000, '2018-01-06 17:58:36', '2018-01-09 18:01:46', '2018-01-09 18:01:46'),
(290, 62, 1, 1.000, 950.000, '2018-01-09 18:01:46', '2018-01-09 18:03:07', '2018-01-09 18:03:07'),
(291, 52, 1, 1.000, 900.000, '2018-01-10 18:03:07', '2018-01-10 18:03:35', '2018-01-10 18:03:35'),
(292, 43, 1, 1.000, 900.000, '2018-01-08 18:03:35', '2018-01-14 18:18:22', '2018-01-14 18:18:22'),
(293, 43, 1, 1.000, 900.000, '2018-01-08 18:03:35', '2018-01-14 18:19:05', '2018-01-14 18:19:05'),
(294, 43, 1, 0.500, 950.000, '2018-01-08 18:03:35', '2018-01-14 18:19:31', '2018-01-14 18:19:31'),
(295, 43, 1, 1.000, 900.000, '2018-01-09 18:21:10', '2018-01-09 18:21:25', '2018-01-09 18:21:25'),
(296, 43, 1, 2.000, 900.000, '2018-01-09 18:22:50', '2018-01-09 18:23:08', '2018-01-09 18:23:08'),
(297, 50, 1, 1.000, 900.000, '2018-01-13 18:25:17', '2018-01-13 18:25:33', '2018-01-13 18:25:33'),
(298, 43, 1, 1.000, 900.000, '2018-01-13 18:25:33', '2018-01-13 18:25:57', '2018-01-13 18:25:57'),
(299, 64, 1, 10.000, 930.000, '2018-01-13 18:25:57', '2018-01-13 18:26:16', '2018-01-13 18:26:16'),
(300, 27, 1, 10.000, 950.000, '2018-01-13 18:26:16', '2018-01-13 18:26:42', '2018-01-13 18:26:42'),
(301, 65, 1, 2.000, 950.000, '2018-01-13 18:26:42', '2018-01-13 18:27:11', '2018-01-13 18:27:11'),
(302, 13, 1, 5.000, 950.000, '2018-01-13 18:27:11', '2018-01-13 18:27:25', '2018-01-13 18:27:25'),
(303, 29, 1, 1.000, 900.000, '2018-01-13 18:27:25', '2018-01-13 18:27:39', '2018-01-13 18:27:39'),
(304, 30, 1, 4.000, 900.000, '2018-01-13 18:27:39', '2018-01-13 18:27:56', '2018-01-13 18:27:56'),
(305, 31, 1, 5.000, 900.000, '2018-01-13 18:27:56', '2018-01-13 18:28:08', '2018-01-13 18:28:08'),
(306, 43, 1, 1.000, 950.000, '2018-01-13 18:28:08', '2018-01-13 18:28:24', '2018-01-13 18:28:24'),
(307, 48, 1, 2.000, 900.000, '2018-01-13 18:28:24', '2018-01-13 18:28:35', '2018-01-13 18:28:35'),
(308, 43, 1, 1.000, 950.000, '2018-01-13 18:28:35', '2018-01-13 18:28:48', '2018-01-13 18:28:48'),
(309, 1, 1, 3.000, 950.000, '2018-01-13 18:28:48', '2018-01-13 18:29:17', '2018-01-13 18:29:17'),
(310, 1, 2, 1.000, 530.000, '2018-01-13 18:29:17', '2018-01-13 18:29:34', '2018-01-13 18:29:34'),
(311, 2, 1, 4.000, 950.000, '2018-01-13 18:29:34', '2018-01-13 18:29:44', '2018-01-13 18:29:44'),
(312, 12, 1, 3.000, 900.000, '2018-01-13 18:29:44', '2018-01-13 18:30:08', '2018-01-13 18:30:08'),
(313, 3, 1, 6.000, 950.000, '2018-01-13 18:30:08', '2018-01-13 18:30:47', '2018-01-13 18:30:47'),
(314, 66, 1, 1.000, 950.000, '2018-01-13 18:32:23', '2018-01-13 18:36:30', '2018-01-13 18:36:30'),
(315, 50, 1, 1.000, 900.000, '2018-01-14 18:36:45', '2018-01-14 18:37:32', '2018-01-14 18:37:32'),
(316, 46, 1, 5.000, 950.000, '2018-01-14 18:37:32', '2018-01-14 18:37:49', '2018-01-14 18:37:49'),
(317, 43, 1, 1.000, 950.000, '2018-01-14 18:37:49', '2018-01-14 18:37:57', '2018-01-14 18:37:57'),
(318, 60, 1, 1.000, 900.000, '2018-01-14 18:37:57', '2018-01-14 18:38:09', '2018-01-14 18:38:09'),
(319, 43, 1, 2.000, 950.000, '2018-01-14 18:38:09', '2018-01-14 18:38:31', '2018-01-14 18:38:31'),
(320, 43, 1, 1.000, 900.000, '2018-01-14 18:38:31', '2018-01-14 18:38:39', '2018-01-14 18:38:39'),
(321, 44, 1, 10.000, 900.000, '2018-01-14 18:38:39', '2018-01-14 18:39:08', '2018-01-14 18:39:08'),
(322, 44, 1, 10.000, 950.000, '2018-01-14 18:39:08', '2018-01-14 18:39:28', '2018-01-14 18:39:28'),
(323, 43, 1, 1.000, 950.000, '2018-01-14 18:39:28', '2018-01-14 18:40:49', '2018-01-14 18:40:49'),
(324, 43, 1, 1.000, 950.000, '2018-01-14 18:39:28', '2018-01-14 18:40:49', '2018-01-14 18:40:49'),
(325, 59, 1, 4.000, 850.000, '2018-01-14 21:11:38', '2018-01-14 21:11:53', '2018-01-14 21:11:53'),
(326, 33, 1, 1.000, 1100.000, '2018-01-15 17:40:41', '2018-01-15 17:40:56', '2018-01-15 17:40:56'),
(327, 36, 1, 1.000, 1100.000, '2018-01-15 17:40:56', '2018-01-15 17:41:03', '2018-01-15 17:41:03'),
(328, 32, 1, 1.000, 1100.000, '2018-01-15 17:41:03', '2018-01-15 17:41:09', '2018-01-15 17:41:09'),
(329, 37, 1, 2.000, 1000.000, '2018-01-15 17:41:09', '2018-01-15 17:41:19', '2018-01-15 17:41:19'),
(330, 44, 1, -4.000, 950.000, '2018-01-15 20:12:15', '2018-01-16 08:12:46', '2018-01-16 08:12:46'),
(331, 34, 1, 1.000, 1000.000, '2018-01-16 08:12:46', '2018-01-16 08:13:03', '2018-01-16 08:13:03'),
(332, 39, 1, 2.000, 1000.000, '2018-01-16 08:13:03', '2018-01-16 08:13:20', '2018-01-16 08:13:20'),
(333, 67, 1, 1.000, 1000.000, '2018-01-16 08:15:12', '2018-01-16 08:15:23', '2018-01-16 08:15:23'),
(334, 26, 1, 1.000, 900.000, '2018-01-14 21:20:03', '2018-01-16 21:20:57', '2018-01-16 21:20:57'),
(335, 60, 1, 2.000, 850.000, '2018-01-15 21:20:57', '2018-01-16 21:21:25', '2018-01-16 21:21:25'),
(336, 43, 1, 1.000, 900.000, '2018-01-16 21:21:25', '2018-01-16 21:21:44', '2018-01-16 21:21:44'),
(337, 52, 1, 1.000, 950.000, '2018-01-17 21:23:15', '2018-01-16 21:24:01', '2018-01-16 21:24:01'),
(338, 43, 1, 0.500, 900.000, '2018-01-18 21:26:10', '2018-01-17 21:26:39', '2018-01-17 21:26:39'),
(339, 60, 1, 2.000, 900.000, '2018-01-18 21:28:10', '2018-01-18 21:28:28', '2018-01-18 21:28:28'),
(340, 62, 1, 1.000, 950.000, '2018-01-19 21:30:33', '2018-01-19 21:31:15', '2018-01-19 21:31:15'),
(341, 43, 1, 1.000, 950.000, '2018-01-19 21:31:15', '2018-01-19 21:31:25', '2018-01-19 21:31:25'),
(342, 64, 1, 10.000, 930.000, '2018-01-20 21:33:36', '2018-01-20 21:34:11', '2018-01-20 21:34:11'),
(343, 68, 1, 2.000, 930.000, '2018-01-20 21:35:22', '2018-01-20 21:35:37', '2018-01-20 21:35:37'),
(344, 29, 1, 1.000, 900.000, '2018-01-20 21:35:37', '2018-01-20 21:36:02', '2018-01-20 21:36:02'),
(345, 30, 1, 10.000, 900.000, '2018-01-20 21:36:02', '2018-01-20 21:36:23', '2018-01-20 21:36:23'),
(346, 31, 1, 3.000, 900.000, '2018-01-20 21:36:23', '2018-01-20 21:36:33', '2018-01-20 21:36:33'),
(347, 48, 1, 2.000, 900.000, '2018-01-20 21:36:33', '2018-01-20 21:36:52', '2018-01-20 21:36:52'),
(348, 27, 1, 10.000, 950.000, '2018-01-20 21:36:53', '2018-01-20 21:37:30', '2018-01-20 21:37:30'),
(349, 13, 1, 5.000, 950.000, '2018-01-20 21:37:30', '2018-01-20 21:37:46', '2018-01-20 21:37:46'),
(350, 44, 1, 10.000, 900.000, '2018-01-20 21:37:46', '2018-01-20 21:38:14', '2018-01-20 21:38:14'),
(351, 44, 1, 3.000, 900.000, '2018-01-20 21:38:14', '2018-01-20 21:38:55', '2018-01-20 21:38:55'),
(352, 44, 1, 7.000, 950.000, '2018-01-20 21:38:55', '2018-01-20 21:39:18', '2018-01-20 21:39:18'),
(353, 3, 1, 4.000, 950.000, '2018-01-20 21:39:18', '2018-01-20 21:40:29', '2018-01-20 21:40:29'),
(354, 43, 1, 1.000, 900.000, '2018-01-20 21:40:29', '2018-01-20 21:40:39', '2018-01-20 21:40:39'),
(355, 43, 1, 1.000, 950.000, '2018-01-20 21:40:39', '2018-01-20 21:40:49', '2018-01-20 21:40:49'),
(356, 65, 1, 1.000, 950.000, '2018-01-20 21:41:51', '2018-01-20 21:42:34', '2018-01-20 21:42:34'),
(357, 1, 1, 2.000, 950.000, '2018-01-20 21:42:34', '2018-01-20 21:46:42', '2018-01-20 21:46:42'),
(358, 2, 1, 2.000, 950.000, '2018-01-20 21:46:42', '2018-01-20 21:46:54', '2018-01-20 21:46:54'),
(359, 42, 1, 3.000, 950.000, '2018-01-20 21:46:54', '2018-01-20 21:47:01', '2018-01-20 21:47:01'),
(360, 12, 1, 4.000, 900.000, '2018-01-20 21:47:01', '2018-01-20 21:47:38', '2018-01-20 21:47:38'),
(361, 1, 2, 1.000, 530.000, '2018-01-20 21:47:38', '2018-01-20 21:47:49', '2018-01-20 21:47:49'),
(362, 46, 1, 5.000, 950.000, '2018-01-21 21:48:52', '2018-01-21 21:49:10', '2018-01-21 21:49:10'),
(363, 43, 1, 1.000, 900.000, '2018-01-21 21:49:10', '2018-01-21 21:49:20', '2018-01-21 21:49:20'),
(364, 59, 1, 2.000, 900.000, '2018-01-21 21:49:20', '2018-01-21 21:49:42', '2018-01-21 21:49:42'),
(365, 43, 1, 1.000, 950.000, '2018-01-21 21:49:42', '2018-01-21 21:50:20', '2018-01-21 21:50:20'),
(366, 43, 1, 0.500, 800.000, '2018-01-21 21:50:20', '2018-01-21 21:50:55', '2018-01-21 21:50:55'),
(367, 61, 1, 1.000, 900.000, '2018-01-21 21:50:55', '2018-01-21 21:53:27', '2018-01-21 21:53:27'),
(368, 43, 1, 1.000, 900.000, '2018-01-21 21:53:27', '2018-01-21 21:53:41', '2018-01-21 21:53:41'),
(369, 37, 1, 3.000, 1000.000, '2018-01-22 10:58:22', '2018-01-22 10:58:37', '2018-01-22 10:58:37'),
(370, 33, 1, 1.000, 1100.000, '2018-01-23 18:02:52', '2018-01-23 18:03:10', '2018-01-23 18:03:10'),
(371, 67, 1, 1.000, 1000.000, '2018-01-23 18:03:10', '2018-01-23 18:03:51', '2018-01-23 18:03:51'),
(372, 36, 1, 1.000, 1100.000, '2018-01-23 18:03:51', '2018-01-23 18:04:10', '2018-01-23 18:04:10'),
(373, 36, 1, 1.000, 1100.000, '2018-01-29 09:56:18', '2018-01-31 10:05:18', '2018-01-31 10:05:18'),
(374, 37, 1, 1.000, 1050.000, '2018-01-29 09:56:18', '2018-01-31 10:05:41', '2018-01-31 10:05:41'),
(375, 37, 1, 2.000, 1000.000, '2018-01-29 09:56:18', '2018-01-31 10:05:54', '2018-01-31 10:05:54'),
(376, 32, 1, 1.000, 1100.000, '2018-01-29 10:05:54', '2018-01-31 10:09:25', '2018-01-31 10:09:25'),
(377, 69, 1, 2.000, 1100.000, '2018-01-29 09:56:18', '2018-01-31 10:09:37', '2018-01-31 10:09:37'),
(378, 67, 1, 3.000, 1100.000, '2018-01-29 09:56:18', '2018-01-31 10:10:01', '2018-01-31 10:10:01'),
(379, 32, 1, 1.000, 1100.000, '2018-01-22 10:05:54', '2018-01-22 10:09:25', '2018-01-22 10:09:25'),
(380, 43, 1, 1.000, 900.000, '2018-01-22 10:13:41', '2018-01-22 10:14:20', '2018-01-22 10:14:20'),
(381, 23, 1, 0.500, 950.000, '2018-01-22 10:14:21', '2018-01-22 10:15:59', '2018-01-22 10:15:59'),
(382, 43, 1, 0.500, 900.000, '2018-01-18 10:19:51', '2018-01-18 10:20:08', '2018-01-18 10:20:08'),
(383, 43, 1, 1.000, 900.000, '2018-01-18 10:20:08', '2018-01-18 10:20:17', '2018-01-18 10:20:17'),
(384, 43, 1, 1.000, 950.000, '2018-01-18 10:20:17', '2018-01-18 10:20:25', '2018-01-18 10:20:25'),
(385, 43, 1, 1.000, 900.000, '2018-01-24 10:24:28', '2018-01-24 10:25:14', '2018-01-24 10:25:14'),
(386, 49, 1, 3.000, 900.000, '2018-01-24 10:27:09', '2018-01-24 10:27:17', '2018-01-24 10:27:17'),
(387, 44, 1, 1.000, 900.000, '2018-01-24 10:27:17', '2018-01-24 10:27:29', '2018-01-24 10:27:29'),
(388, 43, 1, 1.000, 900.000, '2018-01-24 10:29:56', '2018-01-24 10:30:14', '2018-01-24 10:30:14'),
(389, 43, 1, 0.500, 950.000, '2018-01-24 10:30:15', '2018-01-24 10:30:36', '2018-01-24 10:30:36'),
(390, 64, 1, 12.000, 930.000, '2018-01-28 10:31:21', '2018-01-24 10:34:25', '2018-01-24 10:34:25'),
(391, 27, 1, 10.000, 950.000, '2018-01-28 10:34:35', '2018-01-28 10:34:53', '2018-01-28 10:34:53'),
(392, 65, 1, 2.000, 950.000, '2018-01-28 10:34:53', '2018-01-28 10:35:02', '2018-01-28 10:35:02'),
(393, 70, 1, 1.000, 950.000, '2018-01-28 10:35:42', '2018-01-28 10:35:58', '2018-01-28 10:35:58'),
(394, 43, 1, 1.000, 950.000, '2018-01-28 10:35:58', '2018-01-28 10:36:32', '2018-01-28 10:36:32'),
(395, 48, 1, 2.000, 900.000, '2018-01-28 10:36:32', '2018-01-28 10:36:54', '2018-01-28 10:36:54'),
(396, 29, 1, 1.000, 900.000, '2018-01-28 10:36:54', '2018-01-28 10:37:05', '2018-01-28 10:37:05'),
(397, 30, 1, 5.000, 900.000, '2018-01-28 10:37:05', '2018-01-28 10:37:15', '2018-01-28 10:37:15'),
(398, 31, 1, 4.000, 900.000, '2018-01-28 10:37:15', '2018-01-28 10:37:23', '2018-01-28 10:37:23'),
(399, 43, 1, 1.000, 950.000, '2018-01-28 10:37:23', '2018-01-28 10:37:35', '2018-01-28 10:37:35'),
(400, 3, 1, 3.000, 950.000, '2018-01-28 10:37:35', '2018-01-28 10:38:04', '2018-01-28 10:38:04'),
(401, 1, 1, 2.000, 950.000, '2018-01-28 10:38:04', '2018-01-28 10:38:28', '2018-01-28 10:38:28'),
(402, 1, 2, 1.000, 530.000, '2018-01-28 10:38:28', '2018-01-28 10:38:41', '2018-01-28 10:38:41'),
(403, 2, 1, 2.000, 950.000, '2018-01-28 10:41:04', '2018-01-28 10:41:21', '2018-01-28 10:41:21'),
(404, 13, 1, 5.000, 950.000, '2018-01-28 10:41:21', '2018-01-28 10:41:36', '2018-01-28 10:41:36'),
(405, 44, 1, 7.000, 950.000, '2018-01-28 10:41:36', '2018-01-28 10:41:58', '2018-01-28 10:41:58'),
(406, 44, 1, 10.000, 900.000, '2018-01-28 10:41:59', '2018-01-28 10:42:07', '2018-01-28 10:42:07'),
(407, 44, 1, 0.500, 800.000, '2018-01-28 10:42:07', '2018-01-28 10:42:32', '2018-01-28 10:42:32'),
(408, 46, 1, 5.000, 950.000, '2018-01-29 10:42:56', '2018-01-29 10:43:14', '2018-01-29 10:43:14'),
(409, 59, 1, 4.000, 900.000, '2018-01-29 10:46:06', '2018-01-29 10:48:00', '2018-01-29 10:48:00'),
(410, 60, 1, 2.000, 850.000, '2018-01-29 10:48:00', '2018-01-29 10:48:18', '2018-01-29 10:48:18'),
(411, 56, 1, 2.000, 900.000, '2018-01-29 10:48:19', '2018-01-29 10:48:33', '2018-01-29 10:48:33'),
(412, 43, 1, 1.000, 900.000, '2018-01-29 10:48:33', '2018-01-29 10:48:41', '2018-01-29 10:48:41'),
(413, 23, 1, 0.500, 950.000, '2018-01-29 10:48:41', '2018-01-29 10:49:01', '2018-01-29 10:49:01'),
(414, 26, 1, 1.000, 900.000, '2018-01-29 10:49:02', '2018-01-29 10:49:14', '2018-01-29 10:49:14'),
(415, 44, 1, -5.000, 900.000, '2018-01-28 10:49:14', '2018-01-29 10:49:41', '2018-01-29 10:49:41'),
(416, 12, 1, 5.000, 900.000, '2018-01-28 10:49:41', '2018-01-29 10:50:15', '2018-01-29 10:50:15'),
(417, 59, 1, 2.000, 900.000, '2018-01-30 10:50:24', '2018-01-30 10:50:36', '2018-01-30 10:50:36'),
(418, 49, 1, 4.000, 900.000, '2018-01-30 10:50:36', '2018-01-30 10:50:44', '2018-01-30 10:50:44'),
(419, 44, 1, 2.000, 1000.000, '2018-02-03 12:59:50', '2018-02-03 13:02:11', '2018-02-03 13:02:11'),
(420, 44, 1, 3.000, 950.000, '2018-02-03 13:02:11', '2018-02-03 13:02:20', '2018-02-03 13:02:20'),
(421, 44, 1, 7.000, 900.000, '2018-02-03 13:02:20', '2018-02-03 13:02:29', '2018-02-03 13:02:29'),
(422, 44, 1, 4.000, 900.000, '2018-02-03 13:02:29', '2018-02-03 13:02:33', '2018-02-03 13:02:33'),
(423, 44, 1, 1.000, 950.000, '2018-02-03 13:02:33', '2018-02-03 13:02:40', '2018-02-03 13:02:40'),
(424, 64, 1, 8.000, 930.000, '2018-02-03 13:02:40', '2018-02-03 13:03:31', '2018-02-03 13:03:31'),
(425, 27, 1, 10.000, 950.000, '2018-02-03 13:03:32', '2018-02-03 13:03:53', '2018-02-03 13:03:53'),
(426, 65, 1, 1.000, 950.000, '2018-02-03 13:03:53', '2018-02-03 13:04:25', '2018-02-03 13:04:25'),
(427, 1, 1, 3.000, 950.000, '2018-02-03 13:04:25', '2018-02-03 13:07:25', '2018-02-03 13:07:25'),
(428, 1, 2, 1.000, 1000.000, '2018-02-03 13:07:25', '2018-02-03 13:07:32', '2018-02-03 13:07:32'),
(429, 12, 1, 5.000, 900.000, '2018-02-03 13:07:33', '2018-02-03 13:07:53', '2018-02-03 13:07:53'),
(430, 30, 1, 5.000, 900.000, '2018-02-03 13:08:24', '2018-02-03 13:08:49', '2018-02-03 13:08:49'),
(431, 31, 1, 5.000, 900.000, '2018-02-03 13:08:50', '2018-02-03 13:08:54', '2018-02-03 13:08:54'),
(432, 13, 1, 5.000, 950.000, '2018-02-03 13:08:54', '2018-02-03 13:09:13', '2018-02-03 13:09:13'),
(433, 59, 1, 3.000, 900.000, '2018-02-04 13:38:52', '2018-02-04 13:39:22', '2018-02-04 13:39:22'),
(434, 37, 1, 2.000, 1050.000, '2018-02-06 11:05:49', '2018-02-06 11:07:38', '2018-02-06 11:07:38'),
(435, 37, 1, 2.000, 1050.000, '2018-02-06 17:32:06', '2018-02-06 17:32:59', '2018-02-06 17:32:59'),
(436, 36, 1, 1.000, 1100.000, '2018-02-06 17:32:59', '2018-02-06 17:33:53', '2018-02-06 17:33:53'),
(437, 71, 1, 1.000, 1100.000, '2018-01-23 17:37:50', '2018-02-06 17:38:28', '2018-02-06 17:38:28'),
(438, 32, 1, 1.000, 1100.000, '2018-02-06 18:20:32', '2018-02-11 18:22:48', '2018-02-11 18:22:48'),
(439, 43, 1, 1.000, 900.000, '2018-01-31 18:34:04', '2018-02-04 18:34:22', '2018-02-04 18:34:22'),
(440, 60, 1, 1.000, 900.000, '2018-02-01 18:36:38', '2018-02-01 18:36:58', '2018-02-01 18:36:58'),
(441, 43, 1, 1.000, 900.000, '2018-02-01 18:36:58', '2018-02-01 18:37:04', '2018-02-01 18:37:04'),
(442, 43, 1, 1.000, 900.000, '2018-02-02 18:37:28', '2018-02-02 18:37:47', '2018-02-02 18:37:47'),
(443, 62, 1, 1.000, 950.000, '2018-02-02 18:37:47', '2018-02-02 18:38:48', '2018-02-02 18:38:48'),
(444, 43, 1, 1.000, 900.000, '2018-02-03 18:39:01', '2018-02-03 18:39:25', '2018-02-03 18:39:25'),
(445, 46, 1, 5.000, 950.000, '2018-02-04 18:43:04', '2018-02-03 18:43:22', '2018-02-03 18:43:22'),
(446, 43, 1, 1.000, 950.000, '2018-02-03 18:46:25', '2018-02-03 18:47:03', '2018-02-03 18:47:03'),
(447, 43, 1, 1.000, 900.000, '2018-02-04 18:48:05', '2018-02-04 18:48:26', '2018-02-04 18:48:26'),
(448, 43, 1, 1.000, 900.000, '2018-02-04 18:48:26', '2018-02-04 18:48:30', '2018-02-04 18:48:30'),
(449, 59, 1, 1.000, 900.000, '2018-02-04 18:48:30', '2018-02-04 18:49:20', '2018-02-04 18:49:20'),
(450, 43, 1, 1.000, 900.000, '2018-02-04 18:49:20', '2018-02-04 18:49:35', '2018-02-04 18:49:35'),
(451, 62, 1, 0.166, 900.000, '2018-02-09 18:50:01', '2018-02-09 19:01:26', '2018-02-09 19:01:26'),
(452, 43, 1, 0.500, 900.000, '2018-02-10 19:06:36', '2018-02-10 19:06:59', '2018-02-10 19:06:59'),
(453, 50, 1, 2.000, 900.000, '2018-02-10 19:06:59', '2018-02-10 19:07:15', '2018-02-10 19:07:15'),
(454, 64, 1, 10.000, 930.000, '2018-02-10 19:07:15', '2018-02-10 19:07:43', '2018-02-10 19:07:43'),
(455, 44, 1, 10.000, 950.000, '2018-02-10 19:07:43', '2018-02-10 19:08:02', '2018-02-10 19:08:02'),
(456, 44, 1, 21.000, 900.000, '2018-02-10 19:08:02', '2018-02-10 19:08:15', '2018-02-10 19:08:15'),
(457, 43, 1, 3.000, 950.000, '2018-02-10 19:08:15', '2018-02-10 19:08:35', '2018-02-10 19:08:35'),
(458, 72, 1, 3.000, 950.000, '2018-02-10 19:11:07', '2018-02-10 19:11:28', '2018-02-10 19:11:28'),
(459, 27, 1, 10.000, 950.000, '2018-02-10 19:12:04', '2018-02-10 19:12:22', '2018-02-10 19:12:22'),
(460, 13, 1, 5.000, 950.000, '2018-02-10 19:12:22', '2018-02-10 19:12:44', '2018-02-10 19:12:44'),
(461, 29, 1, 1.000, 900.000, '2018-02-10 19:12:44', '2018-02-10 19:12:58', '2018-02-10 19:12:58'),
(462, 30, 1, 15.000, 900.000, '2018-02-10 19:12:58', '2018-02-10 19:13:27', '2018-02-10 19:13:27'),
(463, 48, 1, 2.000, 900.000, '2018-02-10 19:13:37', '2018-02-10 19:13:57', '2018-02-10 19:13:57'),
(464, 43, 1, 1.000, 950.000, '2018-02-10 19:13:57', '2018-02-10 19:14:14', '2018-02-10 19:14:14'),
(465, 1, 1, 3.000, 950.000, '2018-02-10 19:14:14', '2018-02-10 19:14:59', '2018-02-10 19:14:59'),
(466, 1, 2, 1.000, 1050.000, '2018-02-10 19:14:59', '2018-02-10 19:15:29', '2018-02-10 19:15:29'),
(467, 42, 1, 3.000, 950.000, '2018-02-10 19:15:29', '2018-02-10 19:16:23', '2018-02-10 19:16:23'),
(468, 12, 1, 5.000, 950.000, '2018-02-10 19:16:24', '2018-02-10 19:16:40', '2018-02-10 19:16:40'),
(469, 43, 1, 2.000, 950.000, '2018-02-10 19:16:41', '2018-02-10 19:16:55', '2018-02-10 19:16:55'),
(470, 3, 1, 2.000, 950.000, '2018-02-10 19:16:56', '2018-02-10 19:17:16', '2018-02-10 19:17:16'),
(471, 43, 1, 1.000, 850.000, '2018-02-10 19:17:16', '2018-02-10 19:17:42', '2018-02-10 19:17:42'),
(472, 56, 1, 1.000, 900.000, '2018-02-11 19:18:34', '2018-02-11 19:18:46', '2018-02-11 19:18:46'),
(473, 59, 1, 2.000, 900.000, '2018-02-11 19:18:46', '2018-02-11 19:19:00', '2018-02-11 19:19:00'),
(474, 62, 1, 1.000, 950.000, '2018-02-11 19:19:12', '2018-02-11 19:19:23', '2018-02-11 19:19:23'),
(475, 67, 1, 2.000, 1100.000, '2018-02-12 16:54:22', '2018-02-12 16:55:11', '2018-02-12 16:55:11'),
(476, 37, 1, 1.000, 1000.000, '2018-02-12 16:55:11', '2018-02-12 16:55:24', '2018-02-12 16:55:24'),
(477, 36, 1, 1.000, 1100.000, '2018-02-12 16:55:24', '2018-02-12 16:55:35', '2018-02-12 16:55:35'),
(478, 54, 1, 1.000, 950.000, '2018-02-14 17:46:17', '2018-02-14 17:46:38', '2018-02-14 17:46:38'),
(479, 46, 1, 5.000, 950.000, '2018-02-16 18:09:40', '2018-02-16 18:09:49', '2018-02-16 18:09:49'),
(480, 26, 1, 1.000, 900.000, '2018-02-16 18:09:49', '2018-02-16 18:10:01', '2018-02-16 18:10:01'),
(481, 49, 1, 5.000, 900.000, '2018-02-16 18:10:11', '2018-02-16 18:11:13', '2018-02-16 18:11:13'),
(482, 56, 1, 2.000, 900.000, '2018-02-16 18:11:13', '2018-02-16 18:11:27', '2018-02-16 18:11:27'),
(483, 60, 1, 1.000, 850.000, '2018-02-16 18:11:27', '2018-02-16 18:11:46', '2018-02-16 18:11:46'),
(484, 60, 1, 1.000, 900.000, '2018-02-16 18:11:46', '2018-02-16 18:11:52', '2018-02-16 18:11:52'),
(485, 50, 1, 2.000, 900.000, '2018-02-16 18:11:52', '2018-02-16 18:12:16', '2018-02-16 18:12:16'),
(486, 31, 1, 5.000, 900.000, '2018-02-17 18:12:16', '2018-02-17 17:12:16', '2018-02-17 17:12:16'),
(487, 48, 1, 2.000, 900.000, '2018-02-17 18:13:48', '2018-02-17 18:16:23', '2018-02-17 18:16:23'),
(488, 13, 1, 5.000, 950.000, '2018-02-17 18:16:23', '2018-02-17 18:16:39', '2018-02-17 18:16:39'),
(489, 3, 1, 2.000, 950.000, '2018-02-17 18:16:39', '2018-02-17 18:17:07', '2018-02-17 18:17:07'),
(490, 1, 1, 2.000, 950.000, '2018-02-17 18:17:07', '2018-02-17 18:21:46', '2018-02-17 18:21:46'),
(491, 1, 2, 1.000, 530.000, '2018-02-17 18:21:46', '2018-02-17 18:21:55', '2018-02-17 18:21:55'),
(492, 64, 1, 10.000, 930.000, '2018-02-17 18:21:55', '2018-02-17 18:22:43', '2018-02-17 18:22:43'),
(493, 12, 1, 5.000, 900.000, '2018-02-17 18:22:43', '2018-02-17 18:22:59', '2018-02-17 18:22:59'),
(494, 72, 1, 6.000, 950.000, '2018-02-17 18:22:59', '2018-02-17 18:23:36', '2018-02-17 18:23:36'),
(495, 44, 1, 25.000, 950.000, '2018-02-17 18:23:36', '2018-02-17 18:24:40', '2018-02-17 18:24:40'),
(496, 44, 1, 5.000, 900.000, '2018-02-17 18:24:40', '2018-02-17 18:24:47', '2018-02-17 18:24:47'),
(497, 44, 1, 0.500, 800.000, '2018-02-17 18:24:47', '2018-02-17 18:24:57', '2018-02-17 18:24:57'),
(498, 65, 1, 2.000, 950.000, '2018-02-17 18:24:57', '2018-02-17 18:26:17', '2018-02-17 18:26:17'),
(499, 27, 1, 13.000, 950.000, '2018-02-17 18:26:17', '2018-02-17 18:26:34', '2018-02-17 18:26:34'),
(500, 43, 1, 5.000, 950.000, '2018-02-17 18:26:34', '2018-02-17 18:28:29', '2018-02-17 18:28:29'),
(501, 43, 1, 1.000, 950.000, '2018-02-17 18:28:29', '2018-02-17 18:28:44', '2018-02-17 18:28:44'),
(502, 43, 1, 1.000, 950.000, '2018-02-17 18:28:45', '2018-02-17 18:28:53', '2018-02-17 18:28:53'),
(503, 1, 3, 1.000, -1520.000, '2018-02-17 18:28:53', '2018-02-17 18:45:02', '2018-02-17 18:45:02'),
(504, 52, 3, 1.000, -50.000, '2018-02-17 18:45:02', '2018-02-17 18:58:56', '2018-02-17 18:58:56'),
(505, 56, 3, 1.000, 3650.000, '2018-02-17 18:58:56', '2018-02-17 19:05:12', '2018-02-17 19:05:12'),
(506, 37, 1, 2.000, 1000.000, '2018-02-19 07:49:20', '2018-02-19 07:49:29', '2018-02-19 07:49:29'),
(507, 32, 1, 1.000, 1100.000, '2018-02-19 07:49:29', '2018-02-19 07:49:43', '2018-02-19 07:49:43'),
(508, 36, 1, 1.000, 1100.000, '2018-02-19 07:49:43', '2018-02-19 07:49:48', '2018-02-19 07:49:48'),
(509, 33, 1, 1.000, 1100.000, '2018-02-13 18:02:52', '2018-02-13 17:02:52', '2018-02-13 17:02:52'),
(510, 69, 1, 1.000, 1050.000, '2018-02-14 08:54:36', '2018-02-14 07:54:36', '2018-02-14 07:54:36'),
(511, 37, 1, 1.000, 1000.000, '2018-02-14 08:54:36', '2018-02-14 07:54:36', '2018-02-14 07:54:36'),
(512, 32, 1, 1.000, 1100.000, '2018-02-14 08:54:36', '2018-02-20 09:16:55', '2018-02-20 09:16:55'),
(513, 73, 1, 1.000, 1100.000, '2018-02-20 09:30:54', '2018-02-20 09:31:04', '2018-02-20 09:31:04'),
(514, 34, 1, 1.000, 1100.000, '2018-02-20 09:31:04', '2018-02-20 09:31:59', '2018-02-20 09:31:59'),
(515, 34, 3, 1.000, 200.000, '2018-02-20 17:15:43', '2018-02-20 17:16:45', '2018-02-20 17:16:45'),
(516, 74, 1, 0.500, 1100.000, '2018-02-20 17:16:45', '2018-02-20 17:17:40', '2018-02-20 17:17:40'),
(517, 37, 1, 2.000, 1000.000, '2018-02-20 17:17:40', '2018-02-20 17:53:18', '2018-02-20 17:53:18'),
(518, 71, 1, 1.000, 1100.000, '2018-02-23 16:18:38', '2018-02-23 16:19:10', '2018-02-23 16:19:10'),
(519, 60, 1, 1.000, 900.000, '2018-02-20 16:39:33', '2018-02-20 16:40:05', '2018-02-20 16:40:05'),
(520, 43, 1, 0.500, 900.000, '2018-02-20 16:44:03', '2018-02-20 16:45:17', '2018-02-20 16:45:17'),
(521, 59, 1, 3.000, 900.000, '2018-02-21 16:45:52', '2018-02-21 16:46:16', '2018-02-21 16:46:16'),
(522, 59, 1, 3.000, 900.000, '2018-02-23 16:49:13', '2018-02-23 16:49:31', '2018-02-23 16:49:31'),
(523, 56, 1, 1.000, 950.000, '2018-02-24 16:49:55', '2018-02-24 16:50:21', '2018-02-24 16:50:21'),
(524, 61, 1, 1.000, 900.000, '2018-02-18 17:08:54', '2018-02-24 17:10:28', '2018-02-24 17:10:28');
INSERT INTO `records` (`id`, `customer_id`, `product_id`, `qty`, `rate`, `recordeddate`, `created_at`, `updated_at`) VALUES
(525, 43, 1, 15.000, 900.000, '2018-02-24 17:21:24', '2018-02-24 17:22:14', '2018-02-24 17:22:14'),
(526, 27, 1, 12.000, 950.000, '2018-02-24 17:22:14', '2018-02-24 17:25:48', '2018-02-24 17:25:48'),
(527, 43, 1, 1.000, 950.000, '2018-02-24 17:26:14', '2018-02-24 17:26:37', '2018-02-24 17:26:37'),
(528, 13, 1, 5.000, 950.000, '2018-02-24 17:26:56', '2018-02-24 17:27:18', '2018-02-24 17:27:18'),
(529, 48, 1, 1.000, 900.000, '2018-02-24 17:27:18', '2018-02-24 17:27:29', '2018-02-24 17:27:29'),
(530, 30, 1, 10.000, 900.000, '2018-02-24 17:27:30', '2018-02-24 17:27:44', '2018-02-24 17:27:44'),
(531, 31, 1, 5.000, 900.000, '2018-02-24 17:27:44', '2018-02-24 17:27:52', '2018-02-24 17:27:52'),
(532, 48, 1, 2.000, 900.000, '2018-02-24 17:27:52', '2018-02-24 17:28:14', '2018-02-24 17:28:14'),
(533, 1, 1, 2.000, 950.000, '2018-02-24 17:28:15', '2018-02-24 17:28:49', '2018-02-24 17:28:49'),
(534, 1, 2, 1.000, 1.000, '2018-02-24 17:29:04', '2018-02-24 17:29:20', '2018-02-24 17:29:20'),
(535, 42, 1, 3.000, 1000.000, '2018-02-24 17:29:20', '2018-02-24 17:29:50', '2018-02-24 17:29:50'),
(536, 3, 1, 3.000, 950.000, '2018-02-24 17:29:50', '2018-02-24 17:30:08', '2018-02-24 17:30:08'),
(537, 64, 1, 10.000, 930.000, '2018-02-24 17:30:08', '2018-02-24 17:30:33', '2018-02-24 17:30:33'),
(538, 72, 1, 5.000, 950.000, '2018-02-24 17:30:33', '2018-02-24 17:30:58', '2018-02-24 17:30:58'),
(539, 59, 1, 4.000, 900.000, '2018-02-25 17:31:07', '2018-02-25 16:31:07', '2018-02-25 16:31:07'),
(540, 46, 1, 6.000, 950.000, '2018-02-25 17:31:07', '2018-02-25 16:31:07', '2018-02-25 16:31:07'),
(541, 44, 1, 15.000, 950.000, '2018-02-25 17:33:23', '2018-02-25 17:33:51', '2018-02-25 17:33:51'),
(542, 26, 1, 1.000, 900.000, '2018-02-22 17:33:51', '2018-02-25 17:34:18', '2018-02-25 17:34:18'),
(543, 1, 2, 1.000, 1050.000, '2018-02-24 18:48:54', '2018-02-24 18:49:41', '2018-02-24 18:49:41'),
(544, 2, 2, 1.000, 1050.000, '2018-02-24 18:49:41', '2018-02-24 18:49:50', '2018-02-24 18:49:50'),
(545, 37, 1, 1.000, 1000.000, '2018-02-26 09:30:13', '2018-02-28 10:12:05', '2018-02-28 10:12:05'),
(546, 32, 1, 1.000, 1000.000, '2018-02-26 10:12:05', '2018-02-28 10:12:23', '2018-02-28 10:12:23'),
(547, 36, 1, 1.000, 1100.000, '2018-02-26 10:13:04', '2018-02-28 10:13:34', '2018-02-28 10:13:34'),
(548, 37, 1, 1.000, 1000.000, '2018-02-27 10:13:46', '2018-02-28 10:14:22', '2018-02-28 10:14:22'),
(549, 37, 1, 1.000, 1100.000, '2018-02-27 10:13:46', '2018-02-28 10:14:29', '2018-02-28 10:14:29'),
(550, 69, 1, 2.000, 1000.000, '2018-02-27 10:13:46', '2018-02-28 10:14:44', '2018-02-28 10:14:44'),
(551, 35, 1, 1.000, 1100.000, '2018-02-28 10:14:44', '2018-02-28 10:15:03', '2018-02-28 10:15:03'),
(552, 55, 1, 1.000, 1100.000, '2018-03-01 10:14:44', '2018-03-01 09:14:44', '2018-03-01 09:14:44'),
(553, 36, 1, 1.000, 1100.000, '2018-03-05 10:14:44', '2018-03-05 09:14:44', '2018-03-05 09:14:44'),
(554, 32, 1, 1.000, 1100.000, '2018-03-05 10:14:44', '2018-03-05 09:14:44', '2018-03-05 09:14:44'),
(555, 37, 1, 1.000, 1100.000, '2018-03-06 10:14:44', '2018-03-06 09:14:44', '2018-03-06 09:14:44'),
(556, 37, 1, 1.000, 1000.000, '2018-03-06 10:14:44', '2018-03-06 09:14:44', '2018-03-06 09:14:44'),
(557, 39, 1, 2.000, 1100.000, '2018-03-06 10:14:44', '2018-03-06 09:14:44', '2018-03-06 09:14:44'),
(558, 74, 1, 1.000, 1100.000, '2018-03-12 11:38:16', '2018-03-12 10:38:16', '2018-03-12 10:38:16'),
(559, 67, 1, 2.000, 1100.000, '2018-03-12 11:38:16', '2018-03-12 10:38:16', '2018-03-12 10:38:16'),
(560, 34, 1, 1.000, 1100.000, '2018-03-12 11:38:16', '2018-03-12 10:38:16', '2018-03-12 10:38:16'),
(561, 37, 1, 2.000, 1000.000, '2018-03-12 11:38:16', '2018-03-12 10:38:16', '2018-03-12 10:38:16'),
(562, 35, 1, 1.000, 1100.000, '2018-03-12 11:38:16', '2018-03-12 10:38:16', '2018-03-12 10:38:16'),
(563, 32, 1, 1.000, 1100.000, '2018-03-12 11:38:16', '2018-03-12 10:38:16', '2018-03-12 10:38:16'),
(564, 36, 1, 1.000, 1100.000, '2018-03-12 11:38:16', '2018-03-12 10:38:16', '2018-03-12 10:38:16'),
(565, 36, 1, 1.000, 1100.000, '2018-03-19 11:38:16', '2018-03-19 10:38:16', '2018-03-19 10:38:16'),
(566, 32, 1, 1.000, 1100.000, '2018-03-19 11:38:16', '2018-03-19 10:38:16', '2018-03-19 10:38:16'),
(567, 36, 1, 1.000, 1100.000, '2018-03-26 11:38:16', '2018-03-26 10:38:16', '2018-03-26 10:38:16'),
(568, 32, 1, 1.000, 1100.000, '2018-03-26 11:38:16', '2018-03-26 10:38:16', '2018-03-26 10:38:16'),
(569, 37, 1, 2.000, 1000.000, '2018-03-26 11:38:16', '2018-03-26 10:38:16', '2018-03-26 10:38:16'),
(570, 37, 1, 1.000, 1100.000, '2018-03-06 10:14:44', '2018-03-06 09:14:44', '2018-03-06 09:14:44'),
(571, 32, 3, 1.000, 1000.000, '2018-03-27 10:14:44', '2018-03-27 09:14:44', '2018-03-27 09:14:44'),
(572, 43, 1, 1.000, 1100.000, '2018-03-31 10:14:44', '2018-03-31 09:14:44', '2018-03-31 09:14:44'),
(573, 33, 1, 1.000, 1100.000, '2018-04-03 11:14:44', '2018-04-03 10:14:44', '2018-04-03 10:14:44'),
(574, 32, 1, 1.000, 1100.000, '2018-04-03 11:14:44', '2018-04-03 10:14:44', '2018-04-03 10:14:44'),
(575, 36, 1, 1.000, 1100.000, '2018-04-03 11:14:44', '2018-04-03 10:14:44', '2018-04-03 10:14:44'),
(576, 32, 1, 1.000, 1100.000, '2018-04-10 11:14:44', '2018-04-10 10:14:44', '2018-04-10 10:14:44'),
(577, 36, 1, 1.000, 1100.000, '2018-04-10 11:14:44', '2018-04-10 10:14:44', '2018-04-10 10:14:44'),
(578, 75, 1, 1.000, 1100.000, '2018-04-10 11:14:44', '2018-04-10 10:14:44', '2018-04-10 10:14:44'),
(579, 67, 1, 3.000, 1100.000, '2018-04-10 11:14:44', '2018-04-10 10:14:44', '2018-04-10 10:14:44'),
(580, 71, 1, 1.000, 1100.000, '2018-04-10 11:14:44', '2018-04-10 10:14:44', '2018-04-10 10:14:44'),
(581, 39, 1, 2.000, 1100.000, '2018-04-10 11:14:44', '2018-04-10 10:14:44', '2018-04-10 10:14:44'),
(582, 36, 1, 1.000, 1100.000, '2018-04-16 11:14:44', '2018-04-16 10:14:44', '2018-04-16 10:14:44'),
(583, 34, 1, 1.000, 1100.000, '2018-04-16 11:14:44', '2018-04-16 10:14:44', '2018-04-16 10:14:44'),
(584, 35, 1, 1.000, 1100.000, '2018-04-16 13:00:00', '2018-04-16 12:00:00', '2018-04-16 12:00:00'),
(585, 32, 1, 1.000, 1100.000, '2018-04-16 13:00:00', '2018-04-16 12:00:00', '2018-04-16 12:00:00'),
(586, 32, 1, 1.000, 1100.000, '2018-04-23 13:00:00', '2018-04-23 12:00:00', '2018-04-23 12:00:00'),
(587, 36, 1, 1.000, 1100.000, '2018-04-23 13:00:00', '2018-04-23 12:00:00', '2018-04-23 12:00:00'),
(588, 67, 1, 1.000, 1100.000, '2018-04-23 13:00:00', '2018-04-23 12:00:00', '2018-04-23 12:00:00'),
(589, 32, 1, 1.000, 1100.000, '2018-04-27 13:00:00', '2018-04-27 12:00:00', '2018-04-27 12:00:00'),
(590, 32, 1, 1.000, 1100.000, '2018-05-02 13:00:00', '2018-05-02 12:00:00', '2018-05-02 12:00:00'),
(591, 36, 1, 1.000, 1100.000, '2018-05-02 13:00:00', '2018-05-02 12:00:00', '2018-05-02 12:00:00'),
(592, 36, 1, 1.000, 1100.000, '2018-05-07 13:00:00', '2018-05-07 12:00:00', '2018-05-07 12:00:00'),
(593, 32, 1, 1.000, 1100.000, '2018-05-07 13:00:00', '2018-05-07 12:00:00', '2018-05-07 12:00:00'),
(594, 74, 1, 0.500, 1100.000, '2018-05-07 13:00:00', '2018-05-07 12:00:00', '2018-05-07 12:00:00'),
(595, 0, 1, 1.000, 1100.000, '2018-05-07 13:00:00', '2018-05-07 12:00:00', '2018-05-07 12:00:00'),
(596, 0, 1, 1.000, 1100.000, '2018-05-07 13:00:00', '2018-05-07 12:00:00', '2018-05-07 12:00:00'),
(597, 67, 1, 1.000, 1100.000, '2018-05-15 09:06:44', '2018-05-22 09:11:43', '2018-05-22 09:11:43'),
(598, 32, 1, 1.000, 1100.000, '2018-05-15 09:11:43', '2018-05-22 09:12:19', '2018-05-22 09:12:19'),
(599, 36, 1, 1.000, 1100.000, '2018-05-17 09:12:19', '2018-05-22 09:12:31', '2018-05-22 09:12:31'),
(600, 71, 1, 1.000, 1100.000, '2018-05-17 09:12:31', '2018-05-22 09:12:49', '2018-05-22 09:12:49'),
(601, 33, 1, 1.000, 1000.000, '2018-05-17 09:12:49', '2018-05-22 09:13:06', '2018-05-22 09:13:06'),
(602, 36, 1, 1.000, 1100.000, '2018-05-22 09:14:24', '2018-05-22 09:15:18', '2018-05-22 09:15:18'),
(603, 32, 1, 1.000, 1100.000, '2018-05-22 09:15:18', '2018-05-22 09:15:25', '2018-05-22 09:15:25'),
(604, 37, 1, 1.000, 1000.000, '2018-05-22 09:15:25', '2018-05-22 09:15:34', '2018-05-22 09:15:34'),
(605, 74, 1, 0.500, 1100.000, '2018-05-22 09:15:34', '2018-05-22 09:16:15', '2018-05-22 09:16:15'),
(606, 37, 1, 1.000, 1100.000, '2018-05-24 08:05:33', '2018-05-30 08:06:59', '2018-05-30 08:06:59'),
(607, 74, 1, 0.500, 1100.000, '2018-05-25 08:06:59', '2018-05-30 08:07:20', '2018-05-30 08:07:20'),
(608, 36, 1, 1.000, 1100.000, '2018-05-28 08:07:20', '2018-05-30 08:07:46', '2018-05-30 08:07:46'),
(609, 32, 1, 1.000, 1000.000, '2018-05-28 08:07:46', '2018-05-30 08:07:58', '2018-05-30 08:07:58'),
(610, 32, 1, 1.000, 1000.000, '2018-05-29 08:07:58', '2018-05-30 08:08:05', '2018-05-30 08:08:05'),
(611, 67, 1, 1.000, 1000.000, '2018-05-30 08:08:05', '2018-05-30 08:08:14', '2018-05-30 08:08:14'),
(612, 67, 1, 2.000, 1100.000, '2018-05-30 08:08:14', '2018-05-30 08:08:20', '2018-05-30 08:08:20'),
(613, 34, 3, 1.000, -100.000, '2018-05-31 16:08:45', '2018-05-31 16:11:35', '2018-05-31 16:11:35'),
(614, 36, 1, 1.000, 1100.000, '2018-06-06 10:02:14', '2018-06-25 10:07:57', '2018-06-25 10:07:57'),
(615, 32, 1, 1.000, 1100.000, '2018-06-06 10:02:14', '2018-06-25 10:08:25', '2018-06-25 10:08:25'),
(616, 34, 1, 1.000, 1100.000, '2018-06-06 10:02:14', '2018-06-25 10:08:40', '2018-06-25 10:08:40'),
(617, 37, 1, 1.000, 1000.000, '2018-06-06 10:02:14', '2018-06-25 10:08:53', '2018-06-25 10:08:53'),
(618, 32, 1, 1.000, 1000.000, '2018-06-12 10:02:14', '2018-06-25 10:13:28', '2018-06-25 10:13:28'),
(619, 36, 1, 1.000, 1100.000, '2018-06-12 10:02:14', '2018-06-25 10:13:39', '2018-06-25 10:13:39'),
(620, 67, 1, 1.000, 1000.000, '2018-06-12 10:02:14', '2018-06-25 10:13:55', '2018-06-25 10:13:55'),
(621, 74, 1, 1.000, 1100.000, '2018-06-12 10:02:14', '2018-06-25 10:14:21', '2018-06-25 10:14:21'),
(622, 55, 1, 1.000, 1100.000, '2018-06-12 10:02:14', '2018-06-25 10:14:36', '2018-06-25 10:14:36'),
(623, 37, 1, 2.000, 1000.000, '2018-06-20 10:14:36', '2018-06-25 10:15:08', '2018-06-25 10:15:08'),
(624, 36, 1, 1.000, 1100.000, '2018-06-20 10:14:36', '2018-06-25 10:16:09', '2018-06-25 10:16:09'),
(625, 32, 1, 1.000, 1100.000, '2018-06-20 10:14:36', '2018-06-25 10:16:31', '2018-06-25 10:16:31'),
(626, 39, 1, 2.000, 975.000, '2018-06-20 10:14:36', '2018-06-25 10:16:45', '2018-06-25 10:16:45'),
(627, 36, 1, 1.000, 1100.000, '2018-06-26 09:07:34', '2018-07-09 09:10:10', '2018-07-09 09:10:10'),
(628, 32, 1, 1.000, 1100.000, '2018-06-26 09:07:34', '2018-07-09 09:12:42', '2018-07-09 09:12:42'),
(629, 67, 1, 1.000, 1000.000, '2018-06-26 09:07:34', '2018-07-09 09:13:01', '2018-07-09 09:13:01'),
(630, 74, 1, 1.000, 1100.000, '2018-06-26 09:07:34', '2018-07-09 09:14:46', '2018-07-09 09:14:46'),
(631, 76, 1, 2.000, 1000.000, '2018-06-26 09:07:34', '2018-07-09 09:31:24', '2018-07-09 09:31:24'),
(632, 36, 1, 1.000, 1100.000, '2018-07-03 09:31:24', '2018-07-09 09:50:00', '2018-07-09 09:50:00'),
(633, 32, 1, 1.000, 1000.000, '2018-07-03 09:31:24', '2018-07-09 09:50:11', '2018-07-09 09:50:11'),
(634, 40, 1, 1.000, 1000.000, '2018-07-03 09:31:24', '2018-07-09 09:50:21', '2018-07-09 09:50:21'),
(635, 71, 1, 1.000, 1000.000, '2018-07-03 09:31:24', '2018-07-09 09:51:39', '2018-07-09 09:51:39'),
(636, 37, 1, 2.000, 1000.000, '2018-07-03 09:31:24', '2018-07-09 09:52:08', '2018-07-09 09:52:08'),
(637, 33, 1, 1.000, 1000.000, '2018-07-03 09:31:24', '2018-07-09 09:57:48', '2018-07-09 09:57:48'),
(638, 67, 1, 2.000, 1000.000, '2018-07-03 09:31:24', '2018-07-09 09:58:02', '2018-07-09 09:58:02'),
(639, 37, 1, 2.000, 1000.000, '2018-07-17 18:07:50', '2018-07-17 18:09:07', '2018-07-17 18:09:07'),
(640, 74, 1, 1.000, 1100.000, '2018-07-17 18:09:07', '2018-07-17 18:09:52', '2018-07-17 18:09:52'),
(641, 32, 1, 1.000, 1050.000, '2018-07-17 18:09:53', '2018-07-17 18:10:09', '2018-07-17 18:10:09'),
(642, 36, 1, 1.000, 1100.000, '2018-07-17 18:10:09', '2018-07-17 18:10:18', '2018-07-17 18:10:18'),
(643, 36, 1, 1.000, 1100.000, '2018-07-10 18:10:09', '2018-07-10 18:10:18', '2018-07-10 18:10:18'),
(644, 32, 1, 1.000, 1100.000, '2018-07-10 18:09:53', '2018-07-10 18:10:09', '2018-07-10 18:10:09');

-- --------------------------------------------------------

--
-- Stand-in structure for view `recordsum_vw`
-- (See below for the actual view)
--
CREATE TABLE `recordsum_vw` (
`id` int(10) unsigned
,`customer_id` int(11)
,`customer_name` text
,`total` double(20,3)
,`pending_balance` int(11)
,`recordeddate` datetime
);

-- --------------------------------------------------------

--
-- Stand-in structure for view `record_vw`
-- (See below for the actual view)
--
CREATE TABLE `record_vw` (
`id` int(10) unsigned
,`customer_id` int(11)
,`customer_name` text
,`product_id` int(11)
,`qty` double(11,3)
,`rate` double(11,3)
,`total` double(20,3)
,`recordeddate` datetime
);

-- --------------------------------------------------------

--
-- Table structure for table `users`
--

CREATE TABLE `users` (
  `id` int(10) UNSIGNED NOT NULL,
  `name` varchar(191) COLLATE utf8mb4_unicode_ci NOT NULL,
  `email` varchar(191) COLLATE utf8mb4_unicode_ci NOT NULL,
  `password` varchar(191) COLLATE utf8mb4_unicode_ci NOT NULL,
  `remember_token` varchar(100) COLLATE utf8mb4_unicode_ci DEFAULT NULL,
  `created_at` timestamp NULL DEFAULT NULL,
  `updated_at` timestamp NULL DEFAULT NULL
) ENGINE=InnoDB DEFAULT CHARSET=utf8mb4 COLLATE=utf8mb4_unicode_ci;

-- --------------------------------------------------------

--
-- Structure for view `account`
--
DROP TABLE IF EXISTS `account`;

CREATE ALGORITHM=UNDEFINED DEFINER=`root`@`localhost` SQL SECURITY DEFINER VIEW `account`  AS  select `r`.`id` AS `id`,`r`.`customer_id` AS `customer_id`,`r`.`customer_name` AS `customer_name`,`r`.`pending_balance` AS `pending_balance`,`r`.`total` AS `total`,ifnull(`c`.`totalpaid`,0) AS `totalpaid`,((`r`.`pending_balance` + `r`.`total`) - ifnull(`c`.`totalpaid`,0)) AS `balance`,`r`.`recordeddate` AS `recordeddate`,date_format(`r`.`recordeddate`,'%Y%m%d') AS `recordeddatefomated` from (`recordsum_vw` `r` left join `cashsum_vw` `c` on((`r`.`customer_id` = `c`.`customer_id`))) group by `r`.`customer_id` order by `r`.`customer_name` ;

-- --------------------------------------------------------

--
-- Structure for view `cashsum_vw`
--
DROP TABLE IF EXISTS `cashsum_vw`;

CREATE ALGORITHM=UNDEFINED DEFINER=`root`@`localhost` SQL SECURITY DEFINER VIEW `cashsum_vw`  AS  select `ca`.`id` AS `id`,`ca`.`customer_id` AS `customer_id`,concat(`cu`.`Firstname`,' ',`cu`.`lastname`,' ',`cu`.`address`) AS `customer_name`,sum(`ca`.`paid`) AS `totalpaid` from (`customer` `cu` join `cashs` `ca` on((`ca`.`customer_id` = `cu`.`id`))) group by `ca`.`customer_id` ;

-- --------------------------------------------------------

--
-- Structure for view `cash_vw`
--
DROP TABLE IF EXISTS `cash_vw`;

CREATE ALGORITHM=UNDEFINED DEFINER=`root`@`localhost` SQL SECURITY DEFINER VIEW `cash_vw`  AS  select `ca`.`id` AS `id`,`ca`.`customer_id` AS `customer_id`,concat(`cu`.`Firstname`,' ',`cu`.`lastname`,' ',`cu`.`address`) AS `customer_name`,`ca`.`paid` AS `paid`,`ca`.`cashdate` AS `cashdate` from (`customer` `cu` join `cashs` `ca` on((`ca`.`customer_id` = `cu`.`id`))) ;

-- --------------------------------------------------------

--
-- Structure for view `emptycratesum_vw`
--
DROP TABLE IF EXISTS `emptycratesum_vw`;

CREATE ALGORITHM=UNDEFINED DEFINER=`root`@`localhost` SQL SECURITY DEFINER VIEW `emptycratesum_vw`  AS  select `ec`.`id` AS `id`,`ec`.`customer_id` AS `customer_id`,concat(`cu`.`Firstname`,' ',`cu`.`lastname`,' ',`cu`.`address`) AS `customer_name`,sum(`ec`.`emptycrates`) AS `totalemptycrates` from (`customer` `cu` join `emptycrate` `ec` on((`ec`.`customer_id` = `cu`.`id`))) group by `ec`.`customer_id` ;

-- --------------------------------------------------------

--
-- Structure for view `emptycrate_vw`
--
DROP TABLE IF EXISTS `emptycrate_vw`;

CREATE ALGORITHM=UNDEFINED DEFINER=`root`@`localhost` SQL SECURITY DEFINER VIEW `emptycrate_vw`  AS  select `ec`.`id` AS `id`,`ec`.`customer_id` AS `customer_id`,concat(`cu`.`Firstname`,' ',`cu`.`lastname`,' ',`cu`.`address`) AS `customer_name`,`ec`.`emptycrates` AS `emptycrates`,`ec`.`emptycratedate` AS `emptycratedate` from (`customer` `cu` join `emptycrate` `ec` on((`ec`.`customer_id` = `cu`.`id`))) ;

-- --------------------------------------------------------

--
-- Structure for view `recordsum_vw`
--
DROP TABLE IF EXISTS `recordsum_vw`;

CREATE ALGORITHM=UNDEFINED DEFINER=`root`@`localhost` SQL SECURITY DEFINER VIEW `recordsum_vw`  AS  select `r`.`id` AS `id`,`r`.`customer_id` AS `customer_id`,concat(`c`.`Firstname`,' ',`c`.`lastname`,' ',`c`.`address`) AS `customer_name`,sum((`r`.`qty` * `r`.`rate`)) AS `total`,`c`.`pending_balance` AS `pending_balance`,max(`r`.`recordeddate`) AS `recordeddate` from (`customer` `c` join `records` `r` on((`r`.`customer_id` = `c`.`id`))) group by `r`.`customer_id` ;

-- --------------------------------------------------------

--
-- Structure for view `record_vw`
--
DROP TABLE IF EXISTS `record_vw`;

CREATE ALGORITHM=UNDEFINED DEFINER=`root`@`localhost` SQL SECURITY DEFINER VIEW `record_vw`  AS  select `r`.`id` AS `id`,`r`.`customer_id` AS `customer_id`,concat(`c`.`Firstname`,' ',`c`.`lastname`,' ',`c`.`address`) AS `customer_name`,`r`.`product_id` AS `product_id`,`r`.`qty` AS `qty`,`r`.`rate` AS `rate`,(`r`.`qty` * `r`.`rate`) AS `total`,`r`.`recordeddate` AS `recordeddate` from (`customer` `c` left join `records` `r` on((`r`.`customer_id` = `c`.`id`))) ;

--
-- Indexes for dumped tables
--

--
-- Indexes for table `cashs`
--
ALTER TABLE `cashs`
  ADD PRIMARY KEY (`id`);

--
-- Indexes for table `classroom`
--
ALTER TABLE `classroom`
  ADD PRIMARY KEY (`student_id`);

--
-- Indexes for table `configurations`
--
ALTER TABLE `configurations`
  ADD PRIMARY KEY (`id`),
  ADD UNIQUE KEY `id` (`id`),
  ADD UNIQUE KEY `name` (`name`);

--
-- Indexes for table `customer`
--
ALTER TABLE `customer`
  ADD PRIMARY KEY (`id`),
  ADD UNIQUE KEY `id` (`id`);

--
-- Indexes for table `customers`
--
ALTER TABLE `customers`
  ADD PRIMARY KEY (`id`);

--
-- Indexes for table `emptycrate`
--
ALTER TABLE `emptycrate`
  ADD PRIMARY KEY (`id`),
  ADD UNIQUE KEY `id` (`id`);

--
-- Indexes for table `migrations`
--
ALTER TABLE `migrations`
  ADD PRIMARY KEY (`id`);

--
-- Indexes for table `password_resets`
--
ALTER TABLE `password_resets`
  ADD KEY `password_resets_email_index` (`email`);

--
-- Indexes for table `product`
--
ALTER TABLE `product`
  ADD PRIMARY KEY (`id`);

--
-- Indexes for table `purchase`
--
ALTER TABLE `purchase`
  ADD PRIMARY KEY (`id`),
  ADD UNIQUE KEY `id` (`id`);

--
-- Indexes for table `records`
--
ALTER TABLE `records`
  ADD PRIMARY KEY (`id`);

--
-- Indexes for table `users`
--
ALTER TABLE `users`
  ADD PRIMARY KEY (`id`),
  ADD UNIQUE KEY `users_email_unique` (`email`);

--
-- AUTO_INCREMENT for dumped tables
--

--
-- AUTO_INCREMENT for table `cashs`
--
ALTER TABLE `cashs`
  MODIFY `id` int(10) UNSIGNED NOT NULL AUTO_INCREMENT, AUTO_INCREMENT=485;

--
-- AUTO_INCREMENT for table `configurations`
--
ALTER TABLE `configurations`
  MODIFY `id` int(11) NOT NULL AUTO_INCREMENT;

--
-- AUTO_INCREMENT for table `customer`
--
ALTER TABLE `customer`
  MODIFY `id` int(11) NOT NULL AUTO_INCREMENT, AUTO_INCREMENT=77;

--
-- AUTO_INCREMENT for table `customers`
--
ALTER TABLE `customers`
  MODIFY `id` int(10) UNSIGNED NOT NULL AUTO_INCREMENT;

--
-- AUTO_INCREMENT for table `emptycrate`
--
ALTER TABLE `emptycrate`
  MODIFY `id` int(11) NOT NULL AUTO_INCREMENT, AUTO_INCREMENT=3;

--
-- AUTO_INCREMENT for table `migrations`
--
ALTER TABLE `migrations`
  MODIFY `id` int(10) UNSIGNED NOT NULL AUTO_INCREMENT, AUTO_INCREMENT=65;

--
-- AUTO_INCREMENT for table `product`
--
ALTER TABLE `product`
  MODIFY `id` int(11) NOT NULL AUTO_INCREMENT, AUTO_INCREMENT=4;

--
-- AUTO_INCREMENT for table `purchase`
--
ALTER TABLE `purchase`
  MODIFY `id` int(11) NOT NULL AUTO_INCREMENT, AUTO_INCREMENT=27;

--
-- AUTO_INCREMENT for table `records`
--
ALTER TABLE `records`
  MODIFY `id` int(10) UNSIGNED NOT NULL AUTO_INCREMENT, AUTO_INCREMENT=651;

--
-- AUTO_INCREMENT for table `users`
--
ALTER TABLE `users`
  MODIFY `id` int(10) UNSIGNED NOT NULL AUTO_INCREMENT;
COMMIT;

/*!40101 SET CHARACTER_SET_CLIENT=@OLD_CHARACTER_SET_CLIENT */;
/*!40101 SET CHARACTER_SET_RESULTS=@OLD_CHARACTER_SET_RESULTS */;
/*!40101 SET COLLATION_CONNECTION=@OLD_COLLATION_CONNECTION */;
